START_DATE,END_DATE,CATEGORY,MILES,PURPOSE,TRIP_LENGTH_MINUTES,PARTS_OF_DAY
2016-01-01 21:11:00,2016-01-01 21:17:00,Business,5.1,Meal/Entertain,6.0,Night
2016-01-02 01:25:00,2016-01-02 01:37:00,Business,5.0,(unknown purpose),12.0,Night
2016-01-02 20:25:00,2016-01-02 20:38:00,Business,4.8,Errand/Supplies,13.0,Evening
2016-01-05 17:31:00,2016-01-05 17:45:00,Business,4.7,Meeting,14.0,Evening
2016-01-06 14:42:00,2016-01-06 15:49:00,Business,63.7,Customer Visit,67.0,Afternoon
2016-01-06 17:15:00,2016-01-06 17:19:00,Business,4.3,Meal/Entertain,4.0,Evening
2016-01-06 17:30:00,2016-01-06 17:35:00,Business,7.1,Meeting,5.0,Evening
2016-01-07 13:27:00,2016-01-07 13:33:00,Business,0.8,Meeting,6.0,Afternoon
2016-01-10 08:05:00,2016-01-10 08:25:00,Business,8.3,Meeting,20.0,Morning
2016-01-10 12:17:00,2016-01-10 12:44:00,Business,16.5,Customer Visit,27.0,Afternoon
2016-01-10 15:08:00,2016-01-10 15:51:00,Business,10.8,Meeting,43.0,Afternoon
2016-01-10 18:18:00,2016-01-10 18:53:00,Business,7.5,Meeting,35.0,Evening
2016-01-10 19:12:00,2016-01-10 19:32:00,Business,6.2,Meeting,20.0,Evening
2016-01-11 08:55:00,2016-01-11 09:21:00,Business,6.4,Temporary Site,26.0,Morning
2016-01-11 11:56:00,2016-01-11 12:03:00,Business,1.6,Errand/Supplies,7.0,Morning
2016-01-11 13:32:00,2016-01-11 13:46:00,Business,1.7,Meal/Entertain,14.0,Afternoon
2016-01-11 14:30:00,2016-01-11 14:43:00,Business,1.9,Meal/Entertain,13.0,Afternoon
2016-01-12 12:33:00,2016-01-12 12:49:00,Business,1.9,Meal/Entertain,16.0,Afternoon
2016-01-12 12:53:00,2016-01-12 13:09:00,Business,4.0,Meal/Entertain,16.0,Afternoon
2016-01-12 14:42:00,2016-01-12 14:56:00,Business,1.8,Errand/Supplies,14.0,Afternoon
2016-01-12 15:13:00,2016-01-12 15:28:00,Business,2.4,Customer Visit,15.0,Afternoon
2016-01-12 15:42:00,2016-01-12 15:54:00,Business,2.0,Errand/Supplies,12.0,Afternoon
2016-01-12 16:02:00,2016-01-12 17:00:00,Business,15.1,Meeting,58.0,Afternoon
2016-01-13 13:54:00,2016-01-13 14:07:00,Business,11.2,Meeting,13.0,Afternoon
2016-01-13 15:00:00,2016-01-13 15:28:00,Business,11.8,Meeting,28.0,Afternoon
2016-01-14 16:29:00,2016-01-14 17:05:00,Business,21.9,Customer Visit,36.0,Afternoon
2016-01-14 21:39:00,2016-01-14 21:45:00,Business,3.9,Errand/Supplies,6.0,Night
2016-01-15 00:41:00,2016-01-15 01:01:00,Business,8.0,Errand/Supplies,20.0,Night
2016-01-15 11:43:00,2016-01-15 12:03:00,Business,10.4,Meal/Entertain,20.0,Morning
2016-01-15 13:26:00,2016-01-15 13:44:00,Business,10.4,Meal/Entertain,18.0,Afternoon
2016-01-18 14:55:00,2016-01-18 15:06:00,Business,4.8,Meal/Entertain,11.0,Afternoon
2016-01-18 16:13:00,2016-01-18 16:24:00,Business,4.7,Meal/Entertain,11.0,Afternoon
2016-01-19 09:09:00,2016-01-19 09:23:00,Business,7.2,(unknown purpose),14.0,Morning
2016-01-19 10:55:00,2016-01-19 11:09:00,Business,7.6,Temporary Site,14.0,Morning
2016-01-20 10:36:00,2016-01-20 11:11:00,Business,17.1,Meeting,35.0,Morning
2016-01-20 11:48:00,2016-01-20 12:19:00,Business,15.1,Meeting,31.0,Morning
2016-01-20 13:25:00,2016-01-20 14:19:00,Business,40.2,Customer Visit,54.0,Afternoon
2016-01-21 14:25:00,2016-01-21 14:29:00,Business,1.6,Errand/Supplies,4.0,Afternoon
2016-01-21 14:43:00,2016-01-21 14:51:00,Business,2.4,Meal/Entertain,8.0,Afternoon
2016-01-21 16:01:00,2016-01-21 16:06:00,Business,1.0,Meal/Entertain,5.0,Afternoon
2016-01-26 10:41:00,2016-01-26 10:50:00,Business,2.0,Meal/Entertain,9.0,Morning
2016-01-26 12:33:00,2016-01-26 12:41:00,Business,2.3,Errand/Supplies,8.0,Afternoon
2016-01-26 16:24:00,2016-01-26 16:32:00,Business,1.9,Errand/Supplies,8.0,Afternoon
2016-01-26 17:17:00,2016-01-26 17:22:00,Business,1.4,Errand/Supplies,5.0,Evening
2016-01-26 17:27:00,2016-01-26 17:29:00,Business,0.5,Errand/Supplies,2.0,Evening
2016-01-27 09:24:00,2016-01-27 09:31:00,Business,1.8,Meeting,7.0,Morning
2016-01-27 10:19:00,2016-01-27 10:48:00,Business,18.7,Customer Visit,29.0,Morning
2016-01-27 12:34:00,2016-01-27 12:44:00,Business,3.4,Customer Visit,10.0,Afternoon
2016-01-27 14:05:00,2016-01-27 14:13:00,Business,2.7,Customer Visit,8.0,Afternoon
2016-01-27 14:46:00,2016-01-27 15:08:00,Business,12.9,Customer Visit,22.0,Afternoon
2016-01-28 12:28:00,2016-01-28 13:00:00,Business,19.0,Temporary Site,32.0,Afternoon
2016-01-28 15:11:00,2016-01-28 15:31:00,Business,14.7,Meeting,20.0,Afternoon
2016-01-28 16:21:00,2016-01-28 16:51:00,Business,15.7,Meeting,30.0,Afternoon
2016-01-29 09:31:00,2016-01-29 09:45:00,Business,4.6,Customer Visit,14.0,Morning
2016-01-29 10:56:00,2016-01-29 11:07:00,Business,5.2,Meeting,11.0,Morning
2016-01-29 11:43:00,2016-01-29 12:03:00,Business,10.4,Meeting,20.0,Morning
2016-01-29 13:24:00,2016-01-29 13:47:00,Business,10.1,Meeting,23.0,Afternoon
2016-01-29 18:31:00,2016-01-29 18:52:00,Business,5.8,Errand/Supplies,21.0,Evening
2016-01-29 21:21:00,2016-01-29 21:40:00,Business,5.5,Meal/Entertain,19.0,Night
2016-01-30 16:21:00,2016-01-30 16:33:00,Business,5.7,Errand/Supplies,12.0,Afternoon
2016-01-30 18:09:00,2016-01-30 18:24:00,Business,5.7,Customer Visit,15.0,Evening
2016-02-01 10:35:00,2016-02-01 11:15:00,Business,19.4,Customer Visit,40.0,Morning
2016-02-01 12:10:00,2016-02-01 12:43:00,Business,23.3,Customer Visit,33.0,Afternoon
2016-02-01 12:56:00,2016-02-01 13:07:00,Business,3.9,Meal/Entertain,11.0,Afternoon
2016-02-02 13:04:00,2016-02-02 13:23:00,Business,8.3,Meeting,19.0,Afternoon
2016-02-02 13:51:00,2016-02-02 14:06:00,Business,6.0,Errand/Supplies,15.0,Afternoon
2016-02-02 14:38:00,2016-02-02 14:42:00,Business,1.6,Errand/Supplies,4.0,Afternoon
2016-02-04 08:40:00,2016-02-04 09:01:00,Business,5.2,Errand/Supplies,21.0,Morning
2016-02-04 09:37:00,2016-02-04 10:09:00,Business,9.7,Meal/Entertain,32.0,Morning
2016-02-04 10:26:00,2016-02-04 10:32:00,Business,1.6,Meal/Entertain,6.0,Morning
2016-02-04 15:59:00,2016-02-04 16:03:00,Business,1.1,Meal/Entertain,4.0,Afternoon
2016-02-04 16:35:00,2016-02-04 16:39:00,Business,1.6,Meal/Entertain,4.0,Afternoon
2016-02-04 18:04:00,2016-02-04 18:31:00,Business,9.0,Meeting,27.0,Evening
2016-02-04 20:36:00,2016-02-04 20:55:00,Business,7.7,Meeting,19.0,Evening
2016-02-05 11:47:00,2016-02-05 12:07:00,Business,10.4,Meeting,20.0,Morning
2016-02-05 13:22:00,2016-02-05 13:41:00,Business,10.4,Meeting,19.0,Afternoon
2016-02-06 16:20:00,2016-02-06 16:53:00,Business,11.4,Between Offices,33.0,Afternoon
2016-02-06 18:57:00,2016-02-06 19:21:00,Business,9.0,Errand/Supplies,24.0,Evening
2016-02-06 19:28:00,2016-02-06 19:37:00,Business,3.2,Meal/Entertain,9.0,Evening
2016-02-07 16:49:00,2016-02-07 17:01:00,Business,5.6,Errand/Supplies,12.0,Afternoon
2016-02-07 18:03:00,2016-02-07 18:17:00,Business,5.7,Customer Visit,14.0,Evening
2016-02-07 18:39:00,2016-02-07 18:53:00,Business,6.1,Temporary Site,14.0,Evening
2016-02-07 20:22:00,2016-02-07 20:40:00,Business,6.1,Meeting,18.0,Evening
2016-02-08 12:57:00,2016-02-08 13:08:00,Business,4.3,Meal/Entertain,11.0,Afternoon
2016-02-08 14:00:00,2016-02-08 14:10:00,Business,2.7,Meal/Entertain,10.0,Afternoon
2016-02-09 10:54:00,2016-02-09 11:07:00,Personal,5.3,(unknown purpose),13.0,Morning
2016-02-09 11:43:00,2016-02-09 11:50:00,Personal,3.0,(unknown purpose),7.0,Morning
2016-02-09 13:36:00,2016-02-09 13:52:00,Personal,5.1,(unknown purpose),16.0,Afternoon
2016-02-09 13:58:00,2016-02-09 14:02:00,Personal,1.5,(unknown purpose),4.0,Afternoon
2016-02-09 18:55:00,2016-02-09 19:11:00,Business,6.1,(unknown purpose),16.0,Evening
2016-02-09 20:24:00,2016-02-09 20:40:00,Business,6.1,Meal/Entertain,16.0,Evening
2016-02-11 16:28:00,2016-02-11 17:10:00,Business,17.3,Meal/Entertain,42.0,Afternoon
2016-02-11 17:49:00,2016-02-11 18:10:00,Business,5.7,Meal/Entertain,21.0,Evening
2016-02-11 18:24:00,2016-02-11 18:46:00,Business,13.5,Temporary Site,22.0,Evening
2016-02-11 20:36:00,2016-02-11 20:51:00,Business,6.1,Temporary Site,15.0,Evening
2016-02-12 08:21:00,2016-02-12 08:42:00,Business,8.5,Temporary Site,21.0,Morning
2016-02-12 10:45:00,2016-02-12 10:52:00,Business,2.6,Temporary Site,7.0,Morning
2016-02-12 11:14:00,2016-02-12 11:35:00,Business,17.0,Customer Visit,21.0,Morning
2016-02-12 13:02:00,2016-02-12 13:36:00,Business,18.0,Meeting,34.0,Afternoon
2016-02-12 14:49:00,2016-02-12 15:06:00,Business,8.4,Meeting,17.0,Afternoon
2016-02-12 15:33:00,2016-02-12 16:06:00,Business,11.5,Customer Visit,33.0,Afternoon
2016-02-13 14:21:00,2016-02-13 14:41:00,Business,8.9,Meeting,20.0,Afternoon
2016-02-13 23:45:00,2016-02-14 00:01:00,Personal,2.7,(unknown purpose),16.0,Night
2016-02-14 00:50:00,2016-02-14 01:00:00,Personal,1.8,(unknown purpose),10.0,Night
2016-02-14 14:07:00,2016-02-14 14:40:00,Business,8.1,Meeting,33.0,Afternoon
2016-02-14 14:46:00,2016-02-14 15:03:00,Business,2.0,Meeting,17.0,Afternoon
2016-02-14 16:35:00,2016-02-14 17:02:00,Business,13.0,Meeting,27.0,Afternoon
2016-02-14 17:06:00,2016-02-14 17:29:00,Business,13.9,Meeting,23.0,Evening
2016-02-16 03:21:00,2016-02-16 04:13:00,Business,43.7,Customer Visit,52.0,Night
2016-02-16 08:29:00,2016-02-16 09:34:00,Business,14.1,(unknown purpose),65.0,Morning
2016-02-16 10:31:00,2016-02-16 10:41:00,Business,2.6,(unknown purpose),10.0,Morning
2016-02-16 11:32:00,2016-02-16 12:02:00,Business,4.5,(unknown purpose),30.0,Morning
2016-02-16 12:39:00,2016-02-16 12:42:00,Business,1.7,(unknown purpose),3.0,Afternoon
2016-02-16 13:43:00,2016-02-16 13:55:00,Business,1.8,Temporary Site,12.0,Afternoon
2016-02-16 16:34:00,2016-02-16 17:10:00,Business,6.0,(unknown purpose),36.0,Afternoon
2016-02-16 17:17:00,2016-02-16 17:26:00,Business,1.1,Meal/Entertain,9.0,Evening
2016-02-16 17:40:00,2016-02-16 17:44:00,Business,3.6,Errand/Supplies,4.0,Evening
2016-02-17 13:18:00,2016-02-17 14:04:00,Business,14.7,Temporary Site,46.0,Afternoon
2016-02-17 15:17:00,2016-02-17 15:22:00,Business,1.7,Meal/Entertain,5.0,Afternoon
2016-02-17 15:33:00,2016-02-17 16:17:00,Business,21.4,Temporary Site,44.0,Afternoon
2016-02-17 16:38:00,2016-02-17 16:43:00,Business,0.5,Errand/Supplies,5.0,Afternoon
2016-02-18 08:19:00,2016-02-18 08:27:00,Business,23.5,Temporary Site,8.0,Morning
2016-02-18 14:03:00,2016-02-18 14:45:00,Business,12.7,Temporary Site,42.0,Afternoon
2016-02-18 15:16:00,2016-02-18 15:31:00,Business,6.0,Temporary Site,15.0,Afternoon
2016-02-18 18:44:00,2016-02-18 18:58:00,Business,5.2,Customer Visit,14.0,Evening
2016-02-18 19:27:00,2016-02-18 20:08:00,Business,10.0,Meeting,41.0,Evening
2016-02-19 09:02:00,2016-02-19 09:14:00,Business,18.3,Meeting,12.0,Morning
2016-02-19 09:21:00,2016-02-19 09:51:00,Business,11.2,Meeting,30.0,Morning
2016-02-19 10:21:00,2016-02-19 10:48:00,Business,7.6,Meeting,27.0,Morning
2016-02-19 11:20:00,2016-02-19 11:26:00,Personal,1.5,(unknown purpose),6.0,Morning
2016-02-19 11:45:00,2016-02-19 11:50:00,Personal,1.0,(unknown purpose),5.0,Morning
2016-02-19 12:09:00,2016-02-19 12:27:00,Business,7.3,Temporary Site,18.0,Afternoon
2016-02-19 16:26:00,2016-02-19 16:45:00,Business,3.5,(unknown purpose),19.0,Afternoon
2016-02-19 17:09:00,2016-02-19 17:20:00,Business,4.2,(unknown purpose),11.0,Evening
2016-02-19 20:08:00,2016-02-19 20:30:00,Personal,13.6,(unknown purpose),22.0,Evening
2016-02-19 20:34:00,2016-02-19 20:51:00,Personal,2.5,(unknown purpose),17.0,Evening
2016-02-20 07:59:00,2016-02-20 08:32:00,Personal,14.4,(unknown purpose),33.0,Morning
2016-02-20 10:48:00,2016-02-20 10:56:00,Personal,3.0,(unknown purpose),8.0,Morning
2016-02-20 11:45:00,2016-02-20 11:53:00,Personal,1.5,(unknown purpose),8.0,Morning
2016-02-20 12:41:00,2016-02-20 13:17:00,Business,18.4,(unknown purpose),36.0,Afternoon
2016-02-20 14:50:00,2016-02-20 15:54:00,Business,23.1,Meeting,64.0,Afternoon
2016-02-20 16:59:00,2016-02-20 17:54:00,Personal,16.5,(unknown purpose),55.0,Afternoon
2016-02-20 18:00:00,2016-02-20 18:03:00,Business,3.2,Errand/Supplies,3.0,Evening
2016-02-20 19:28:00,2016-02-20 19:49:00,Business,7.7,Errand/Supplies,21.0,Evening
2016-02-21 09:07:00,2016-02-21 09:46:00,Business,14.5,(unknown purpose),39.0,Morning
2016-02-21 11:39:00,2016-02-21 11:43:00,Business,2.4,Errand/Supplies,4.0,Morning
2016-02-21 11:47:00,2016-02-21 12:01:00,Business,4.6,Errand/Supplies,14.0,Morning
2016-02-21 12:13:00,2016-02-21 12:35:00,Business,8.8,Meal/Entertain,22.0,Afternoon
2016-02-21 12:51:00,2016-02-21 13:12:00,Business,8.3,Temporary Site,21.0,Afternoon
2016-02-21 13:33:00,2016-02-21 14:30:00,Business,22.7,Temporary Site,57.0,Afternoon
2016-02-21 14:36:00,2016-02-21 15:03:00,Business,13.0,Temporary Site,27.0,Afternoon
2016-02-21 15:14:00,2016-02-21 15:31:00,Business,8.1,Temporary Site,17.0,Afternoon
2016-02-21 15:36:00,2016-02-21 15:41:00,Business,2.2,Meal/Entertain,5.0,Afternoon
2016-02-21 16:04:00,2016-02-21 16:32:00,Business,9.7,(unknown purpose),28.0,Afternoon
2016-02-21 23:15:00,2016-02-21 23:52:00,Business,20.0,Meeting,37.0,Night
2016-02-22 21:54:00,2016-02-22 22:09:00,Business,8.1,Customer Visit,15.0,Night
2016-02-24 14:30:00,2016-02-24 14:35:00,Business,1.5,(unknown purpose),5.0,Afternoon
2016-02-24 15:19:00,2016-02-24 15:25:00,Business,1.7,Errand/Supplies,6.0,Afternoon
2016-02-25 16:27:00,2016-02-25 16:35:00,Business,3.1,Errand/Supplies,8.0,Afternoon
2016-02-25 16:47:00,2016-02-25 17:02:00,Business,3.2,Errand/Supplies,15.0,Afternoon
2016-02-25 17:16:00,2016-02-25 17:36:00,Business,6.0,Meal/Entertain,20.0,Evening
2016-02-25 18:22:00,2016-02-25 18:39:00,Business,5.8,Meal/Entertain,17.0,Evening
2016-02-26 09:06:00,2016-02-26 09:29:00,Business,6.3,(unknown purpose),23.0,Morning
2016-02-26 11:05:00,2016-02-26 11:11:00,Personal,1.7,(unknown purpose),6.0,Morning
2016-02-26 11:35:00,2016-02-26 11:59:00,Business,10.6,Meeting,24.0,Morning
2016-02-26 13:01:00,2016-02-26 13:24:00,Business,9.9,Meeting,23.0,Afternoon
2016-02-26 14:38:00,2016-02-26 14:46:00,Personal,1.9,(unknown purpose),8.0,Afternoon
2016-02-26 15:00:00,2016-02-26 15:18:00,Personal,4.2,(unknown purpose),18.0,Afternoon
2016-02-26 17:01:00,2016-02-26 17:12:00,Personal,2.0,(unknown purpose),11.0,Evening
2016-02-28 05:22:00,2016-02-28 05:38:00,Business,7.7,Meeting,16.0,Morning
2016-02-28 09:26:00,2016-02-28 09:42:00,Business,6.8,Meeting,16.0,Morning
2016-02-29 11:07:00,2016-02-29 11:14:00,Personal,2.1,(unknown purpose),7.0,Morning
2016-02-29 11:30:00,2016-02-29 11:40:00,Business,3.8,Meeting,10.0,Morning
2016-02-29 12:36:00,2016-02-29 12:48:00,Business,5.6,Meeting,12.0,Afternoon
2016-02-29 14:55:00,2016-02-29 15:03:00,Business,2.6,(unknown purpose),8.0,Afternoon
2016-02-29 16:40:00,2016-02-29 17:00:00,Business,6.6,Customer Visit,20.0,Afternoon
2016-03-01 18:47:00,2016-03-01 19:10:00,Business,8.0,Meal/Entertain,23.0,Evening
2016-03-01 21:27:00,2016-03-01 21:45:00,Business,8.0,Meeting,18.0,Night
2016-03-03 09:45:00,2016-03-03 09:52:00,Personal,2.2,(unknown purpose),7.0,Morning
2016-03-03 11:04:00,2016-03-03 11:10:00,Business,2.3,Errand/Supplies,6.0,Morning
2016-03-03 14:44:00,2016-03-03 14:58:00,Business,5.2,Meal/Entertain,14.0,Afternoon
2016-03-03 15:27:00,2016-03-03 15:48:00,Business,7.6,Customer Visit,21.0,Afternoon
2016-03-03 16:02:00,2016-03-03 16:42:00,Business,17.3,Meeting,40.0,Afternoon
2016-03-04 07:47:00,2016-03-04 08:06:00,Business,9.9,Meeting,19.0,Morning
2016-03-04 09:46:00,2016-03-04 10:03:00,Business,9.9,Customer Visit,17.0,Morning
2016-03-04 11:46:00,2016-03-04 12:06:00,Business,10.4,Meeting,20.0,Morning
2016-03-04 13:03:00,2016-03-04 13:25:00,Business,10.9,Meeting,22.0,Afternoon
2016-03-04 13:40:00,2016-03-04 14:09:00,Business,15.7,Customer Visit,29.0,Afternoon
2016-03-04 15:56:00,2016-03-04 16:08:00,Business,4.9,Meal/Entertain,12.0,Afternoon
2016-03-04 16:16:00,2016-03-04 16:22:00,Business,0.8,Errand/Supplies,6.0,Afternoon
2016-03-04 16:43:00,2016-03-04 17:12:00,Business,13.5,Meeting,29.0,Afternoon
2016-03-04 19:02:00,2016-03-04 19:08:00,Business,1.9,Temporary Site,6.0,Evening
2016-03-04 19:16:00,2016-03-04 19:25:00,Business,2.0,Meal/Entertain,9.0,Evening
2016-03-05 11:44:00,2016-03-05 11:59:00,Business,6.5,Meal/Entertain,15.0,Morning
2016-03-05 12:57:00,2016-03-05 13:12:00,Personal,4.2,(unknown purpose),15.0,Afternoon
2016-03-05 14:08:00,2016-03-05 14:18:00,Personal,3.5,(unknown purpose),10.0,Afternoon
2016-03-05 14:39:00,2016-03-05 15:01:00,Business,7.8,Meal/Entertain,22.0,Afternoon
2016-03-05 16:52:00,2016-03-05 17:13:00,Business,7.8,Meal/Entertain,21.0,Afternoon
2016-03-05 17:23:00,2016-03-05 17:34:00,Business,3.9,Meal/Entertain,11.0,Evening
2016-03-07 09:10:00,2016-03-07 09:20:00,Business,2.8,Errand/Supplies,10.0,Morning
2016-03-07 09:23:00,2016-03-07 09:47:00,Business,12.4,Customer Visit,24.0,Morning
2016-03-07 12:10:00,2016-03-07 12:26:00,Business,5.9,Customer Visit,16.0,Afternoon
2016-03-07 13:57:00,2016-03-07 14:18:00,Business,9.4,Meeting,21.0,Afternoon
2016-03-07 15:19:00,2016-03-07 15:45:00,Business,11.9,Between Offices,26.0,Afternoon
2016-03-08 14:38:00,2016-03-08 14:55:00,Business,7.2,Between Offices,17.0,Afternoon
2016-03-08 15:35:00,2016-03-08 16:00:00,Business,7.6,Meal/Entertain,25.0,Afternoon
2016-03-08 16:13:00,2016-03-08 16:25:00,Personal,1.6,(unknown purpose),12.0,Afternoon
2016-03-10 03:36:00,2016-03-10 03:53:00,Business,8.4,Meeting,17.0,Night
2016-03-10 10:08:00,2016-03-10 10:37:00,Business,12.8,Meeting,29.0,Morning
2016-03-10 14:39:00,2016-03-10 14:55:00,Business,2.3,(unknown purpose),16.0,Afternoon
2016-03-10 16:18:00,2016-03-10 16:28:00,Business,1.6,(unknown purpose),10.0,Afternoon
2016-03-11 09:47:00,2016-03-11 09:59:00,Business,2.0,Meal/Entertain,12.0,Morning
2016-03-11 10:29:00,2016-03-11 10:36:00,Business,0.8,(unknown purpose),7.0,Morning
2016-03-11 11:57:00,2016-03-11 12:04:00,Business,1.2,(unknown purpose),7.0,Morning
2016-03-11 13:43:00,2016-03-11 13:51:00,Business,1.0,(unknown purpose),8.0,Afternoon
2016-03-11 19:21:00,2016-03-11 19:35:00,Business,2.1,(unknown purpose),14.0,Evening
2016-03-12 09:13:00,2016-03-12 09:22:00,Business,2.2,(unknown purpose),9.0,Morning
2016-03-12 18:27:00,2016-03-12 18:37:00,Personal,1.9,(unknown purpose),10.0,Evening
2016-03-13 09:07:00,2016-03-13 09:37:00,Business,5.7,Meal/Entertain,30.0,Morning
2016-03-13 18:23:00,2016-03-13 18:43:00,Business,8.4,Meal/Entertain,20.0,Evening
2016-03-13 20:07:00,2016-03-13 20:28:00,Business,6.2,Meal/Entertain,21.0,Evening
2016-03-13 20:39:00,2016-03-13 20:58:00,Business,10.5,Meal/Entertain,19.0,Evening
2016-03-13 21:11:00,2016-03-13 21:23:00,Business,7.2,Meal/Entertain,12.0,Night
2016-03-13 22:19:00,2016-03-13 22:39:00,Business,12.5,(unknown purpose),20.0,Night
2016-03-14 08:34:00,2016-03-14 08:49:00,Business,2.0,Errand/Supplies,15.0,Morning
2016-03-14 18:39:00,2016-03-14 18:55:00,Business,2.7,(unknown purpose),16.0,Evening
2016-03-15 08:45:00,2016-03-15 08:57:00,Business,2.0,Meal/Entertain,12.0,Morning
2016-03-15 20:48:00,2016-03-15 21:01:00,Business,2.8,Meal/Entertain,13.0,Evening
2016-03-16 11:34:00,2016-03-16 11:45:00,Business,1.7,Meal/Entertain,11.0,Morning
2016-03-16 14:44:00,2016-03-16 14:55:00,Business,2.0,(unknown purpose),11.0,Afternoon
2016-03-16 18:43:00,2016-03-16 18:56:00,Business,2.1,Meal/Entertain,13.0,Evening
2016-03-17 00:33:00,2016-03-17 00:44:00,Personal,1.7,(unknown purpose),11.0,Night
2016-03-17 12:52:00,2016-03-17 15:11:00,Business,136.0,Customer Visit,139.0,Afternoon
2016-03-17 15:16:00,2016-03-17 15:58:00,Business,30.2,Meeting,42.0,Afternoon
2016-03-17 17:20:00,2016-03-17 18:02:00,Business,15.5,Meal/Entertain,42.0,Evening
2016-03-17 18:47:00,2016-03-17 19:09:00,Personal,4.9,(unknown purpose),22.0,Evening
2016-03-17 20:57:00,2016-03-17 21:28:00,Personal,12.6,(unknown purpose),31.0,Evening
2016-03-17 21:48:00,2016-03-17 22:04:00,Personal,10.4,(unknown purpose),16.0,Night
2016-03-18 07:15:00,2016-03-18 07:21:00,Business,1.1,Meal/Entertain,6.0,Morning
2016-03-18 08:35:00,2016-03-18 08:43:00,Business,1.1,Meal/Entertain,8.0,Morning
2016-03-18 18:24:00,2016-03-18 19:08:00,Business,13.2,Meeting,44.0,Evening
2016-03-18 19:23:00,2016-03-18 19:29:00,Business,1.0,Errand/Supplies,6.0,Evening
2016-03-18 21:01:00,2016-03-18 21:15:00,Business,9.2,Customer Visit,14.0,Night
2016-03-19 09:10:00,2016-03-19 09:25:00,Business,9.4,Meal/Entertain,15.0,Morning
2016-03-19 12:50:00,2016-03-19 13:13:00,Business,12.0,Customer Visit,23.0,Afternoon
2016-03-19 14:01:00,2016-03-19 14:57:00,Business,35.1,Customer Visit,56.0,Afternoon
2016-03-19 15:34:00,2016-03-19 16:38:00,Business,36.5,Meal/Entertain,64.0,Afternoon
2016-03-19 17:17:00,2016-03-19 17:32:00,Business,3.1,Meal/Entertain,15.0,Evening
2016-03-19 17:37:00,2016-03-19 17:47:00,Business,2.1,Errand/Supplies,10.0,Evening
2016-03-19 17:52:00,2016-03-19 18:00:00,Business,1.2,(unknown purpose),8.0,Evening
2016-03-19 18:53:00,2016-03-19 19:29:00,Business,7.5,Meeting,36.0,Evening
2016-03-19 19:33:00,2016-03-19 20:39:00,Business,57.0,Customer Visit,66.0,Evening
2016-03-20 07:37:00,2016-03-20 07:48:00,Business,5.9,Meeting,11.0,Morning
2016-03-20 11:42:00,2016-03-20 11:56:00,Business,6.2,Meeting,14.0,Morning
2016-03-20 17:08:00,2016-03-20 17:34:00,Business,10.4,(unknown purpose),26.0,Evening
2016-03-20 18:34:00,2016-03-20 18:40:00,Personal,1.2,(unknown purpose),6.0,Evening
2016-03-20 18:45:00,2016-03-20 19:06:00,Business,9.6,Customer Visit,21.0,Evening
2016-03-21 10:21:00,2016-03-21 10:26:00,Personal,1.0,(unknown purpose),5.0,Morning
2016-03-21 16:05:00,2016-03-21 16:13:00,Business,0.9,Meal/Entertain,8.0,Afternoon
2016-03-21 18:59:00,2016-03-21 19:15:00,Business,8.8,(unknown purpose),16.0,Evening
2016-03-21 20:18:00,2016-03-21 20:55:00,Business,25.6,Meal/Entertain,37.0,Evening
2016-03-22 06:17:00,2016-03-22 06:43:00,Business,23.0,Meal/Entertain,26.0,Morning
2016-03-22 12:06:00,2016-03-22 12:24:00,Personal,8.1,(unknown purpose),18.0,Afternoon
2016-03-22 19:12:00,2016-03-22 19:25:00,Personal,1.4,(unknown purpose),13.0,Evening
2016-03-23 14:37:00,2016-03-23 14:42:00,Personal,1.7,(unknown purpose),5.0,Afternoon
2016-03-23 14:53:00,2016-03-23 14:59:00,Personal,1.6,(unknown purpose),6.0,Afternoon
2016-03-24 19:47:00,2016-03-24 19:54:00,Personal,2.0,(unknown purpose),7.0,Evening
2016-03-24 20:34:00,2016-03-24 20:40:00,Business,2.2,(unknown purpose),6.0,Evening
2016-03-25 13:24:00,2016-03-25 16:22:00,Business,144.0,Customer Visit,178.0,Afternoon
2016-03-25 16:52:00,2016-03-25 22:22:00,Business,310.3,Customer Visit,330.0,Afternoon
2016-03-25 22:54:00,2016-03-26 01:39:00,Business,201.0,Meeting,165.0,Night
2016-03-26 14:05:00,2016-03-26 14:29:00,Personal,6.7,(unknown purpose),24.0,Afternoon
2016-03-26 15:19:00,2016-03-26 15:49:00,Personal,8.8,(unknown purpose),30.0,Afternoon
2016-03-26 16:26:00,2016-03-26 16:30:00,Personal,1.2,(unknown purpose),4.0,Afternoon
2016-03-27 00:31:00,2016-03-27 00:40:00,Business,2.1,Errand/Supplies,9.0,Night
2016-03-27 01:11:00,2016-03-27 01:23:00,Business,6.6,Meal/Entertain,12.0,Night
2016-03-27 15:31:00,2016-03-27 15:56:00,Business,6.1,Customer Visit,25.0,Afternoon
2016-03-27 21:26:00,2016-03-27 21:41:00,Personal,6.9,(unknown purpose),15.0,Night
2016-03-27 23:04:00,2016-03-27 23:18:00,Personal,7.3,(unknown purpose),14.0,Night
2016-03-28 12:29:00,2016-03-28 12:42:00,Personal,3.6,(unknown purpose),13.0,Afternoon
2016-03-28 19:30:00,2016-03-28 20:23:00,Personal,27.2,(unknown purpose),53.0,Evening
2016-03-28 22:55:00,2016-03-28 23:26:00,Personal,25.7,(unknown purpose),31.0,Night
2016-03-29 15:27:00,2016-03-29 16:11:00,Personal,13.6,(unknown purpose),44.0,Afternoon
2016-03-29 18:20:00,2016-03-29 18:39:00,Personal,6.2,(unknown purpose),19.0,Evening
2016-03-29 20:29:00,2016-03-29 20:44:00,Personal,6.0,(unknown purpose),15.0,Evening
2016-03-29 23:04:00,2016-03-29 23:21:00,Personal,13.8,(unknown purpose),17.0,Night
2016-03-30 22:05:00,2016-03-30 22:55:00,Business,28.8,Meal/Entertain,50.0,Night
2016-03-31 12:47:00,2016-03-31 13:22:00,Business,16.1,Temporary Site,35.0,Afternoon
2016-03-31 14:37:00,2016-03-31 15:09:00,Business,16.4,Meal/Entertain,32.0,Afternoon
2016-04-01 13:43:00,2016-04-01 14:01:00,Business,11.0,Meeting,18.0,Afternoon
2016-04-01 14:36:00,2016-04-01 15:24:00,Business,15.5,Customer Visit,48.0,Afternoon
2016-04-01 16:01:00,2016-04-01 16:49:00,Business,20.3,Meeting,48.0,Afternoon
2016-04-01 16:52:00,2016-04-01 16:57:00,Personal,0.7,(unknown purpose),5.0,Afternoon
2016-04-02 08:48:00,2016-04-02 09:04:00,Personal,5.5,(unknown purpose),16.0,Morning
2016-04-02 11:01:00,2016-04-02 11:16:00,Personal,5.1,(unknown purpose),15.0,Morning
2016-04-02 12:21:00,2016-04-02 14:47:00,Business,77.3,Customer Visit,146.0,Afternoon
2016-04-02 16:57:00,2016-04-02 18:09:00,Business,80.5,Customer Visit,72.0,Afternoon
2016-04-02 19:38:00,2016-04-02 22:36:00,Business,174.2,Customer Visit,178.0,Evening
2016-04-02 23:11:00,2016-04-03 01:34:00,Business,144.0,Meeting,143.0,Night
2016-04-03 02:00:00,2016-04-03 04:16:00,Business,159.3,Meeting,136.0,Night
2016-04-05 21:39:00,2016-04-05 21:55:00,Business,7.9,Meal/Entertain,16.0,Night
2016-04-06 00:19:00,2016-04-06 00:39:00,Business,8.0,Meal/Entertain,20.0,Night
2016-04-07 18:20:00,2016-04-07 18:39:00,Business,6.1,Meal/Entertain,19.0,Evening
2016-04-07 19:45:00,2016-04-07 20:00:00,Business,6.1,Errand/Supplies,15.0,Evening
2016-04-08 12:30:00,2016-04-08 12:48:00,Business,10.5,Meeting,18.0,Afternoon
2016-04-08 13:34:00,2016-04-08 13:51:00,Business,8.7,Meal/Entertain,17.0,Afternoon
2016-04-08 13:55:00,2016-04-08 14:03:00,Business,1.8,Errand/Supplies,8.0,Afternoon
2016-04-08 14:43:00,2016-04-08 15:20:00,Business,19.1,Meeting,37.0,Afternoon
2016-04-08 16:05:00,2016-04-08 16:47:00,Business,18.6,Meeting,42.0,Afternoon
2016-04-12 09:15:00,2016-04-12 09:26:00,Business,2.8,Errand/Supplies,11.0,Morning
2016-04-12 09:34:00,2016-04-12 09:53:00,Business,8.9,Meeting,19.0,Morning
2016-04-12 10:58:00,2016-04-12 11:18:00,Business,7.5,Customer Visit,20.0,Morning
2016-04-12 12:22:00,2016-04-12 12:44:00,Business,15.9,Meeting,22.0,Afternoon
2016-04-12 13:42:00,2016-04-12 14:01:00,Business,6.5,Meal/Entertain,19.0,Afternoon
2016-04-14 07:29:00,2016-04-14 08:09:00,Business,15.3,Temporary Site,40.0,Morning
2016-04-14 16:00:00,2016-04-14 16:43:00,Business,13.7,Temporary Site,43.0,Afternoon
2016-04-15 11:36:00,2016-04-15 12:07:00,Business,11.9,Temporary Site,31.0,Morning
2016-04-15 12:29:00,2016-04-15 12:32:00,Business,1.4,Errand/Supplies,3.0,Afternoon
2016-04-15 14:31:00,2016-04-15 15:01:00,Business,15.2,Meeting,30.0,Afternoon
2016-04-16 12:59:00,2016-04-16 13:17:00,Business,6.0,Errand/Supplies,18.0,Afternoon
2016-04-16 15:10:00,2016-04-16 15:26:00,Business,6.1,Meal/Entertain,16.0,Afternoon
2016-04-19 17:44:00,2016-04-19 18:08:00,Business,8.2,Meal/Entertain,24.0,Evening
2016-04-19 19:57:00,2016-04-19 20:19:00,Business,8.0,Meal/Entertain,22.0,Evening
2016-04-22 08:25:00,2016-04-22 09:04:00,Business,13.6,Meeting,39.0,Morning
2016-04-22 10:10:00,2016-04-22 10:40:00,Business,22.5,Meeting,30.0,Morning
2016-04-22 12:08:00,2016-04-22 12:28:00,Business,10.4,Meeting,20.0,Afternoon
2016-04-22 13:02:00,2016-04-22 13:26:00,Business,10.0,Meeting,24.0,Afternoon
2016-04-23 17:03:00,2016-04-23 17:16:00,Business,6.0,Meal/Entertain,13.0,Evening
2016-04-23 18:49:00,2016-04-23 19:05:00,Business,6.5,Meal/Entertain,16.0,Evening
2016-04-24 19:07:00,2016-04-24 19:16:00,Business,3.1,Errand/Supplies,9.0,Evening
2016-04-24 19:46:00,2016-04-24 19:52:00,Business,1.9,Errand/Supplies,6.0,Evening
2016-04-24 21:41:00,2016-04-24 21:50:00,Business,4.2,Between Offices,9.0,Night
2016-04-27 13:30:00,2016-04-27 13:40:00,Business,4.9,Between Offices,10.0,Afternoon
2016-04-27 14:13:00,2016-04-27 14:25:00,Business,4.8,Between Offices,12.0,Afternoon
2016-04-28 12:09:00,2016-04-28 12:34:00,Business,12.4,Customer Visit,25.0,Afternoon
2016-04-28 13:30:00,2016-04-28 13:49:00,Business,32.8,Customer Visit,19.0,Afternoon
2016-04-28 22:10:00,2016-04-28 22:28:00,Business,5.5,Customer Visit,18.0,Night
2016-04-29 11:44:00,2016-04-29 12:01:00,Business,9.9,Meeting,17.0,Morning
2016-04-29 13:13:00,2016-04-29 13:34:00,Business,10.0,Meeting,21.0,Afternoon
2016-04-29 18:46:00,2016-04-29 19:18:00,Business,14.2,Customer Visit,32.0,Evening
2016-04-29 22:44:00,2016-04-29 23:19:00,Business,18.2,Meeting,35.0,Night
2016-04-30 18:42:00,2016-04-30 18:57:00,Business,7.7,Meal/Entertain,15.0,Evening
2016-04-30 22:16:00,2016-04-30 22:34:00,Business,6.8,(unknown purpose),18.0,Night
2016-05-01 13:45:00,2016-05-01 13:53:00,Business,2.1,Meal/Entertain,8.0,Afternoon
2016-05-01 14:26:00,2016-05-01 14:31:00,Business,2.3,(unknown purpose),5.0,Afternoon
2016-05-01 17:33:00,2016-05-01 17:45:00,Business,6.2,Between Offices,12.0,Evening
2016-05-01 17:54:00,2016-05-01 18:10:00,Business,7.5,Meeting,16.0,Evening
2016-05-01 22:38:00,2016-05-01 22:49:00,Business,3.1,Errand/Supplies,11.0,Night
2016-05-02 14:14:00,2016-05-02 14:21:00,Business,2.2,Errand/Supplies,7.0,Afternoon
2016-05-02 15:37:00,2016-05-02 15:48:00,Business,3.9,Meal/Entertain,11.0,Afternoon
2016-05-03 22:20:00,2016-05-03 22:28:00,Business,2.5,Meal/Entertain,8.0,Night
2016-05-04 15:16:00,2016-05-04 15:37:00,Business,8.7,Meal/Entertain,21.0,Afternoon
2016-05-04 20:55:00,2016-05-04 21:14:00,Business,14.5,Errand/Supplies,19.0,Evening
2016-05-04 21:30:00,2016-05-04 21:36:00,Business,4.5,Meal/Entertain,6.0,Night
2016-05-04 22:19:00,2016-05-04 22:27:00,Business,5.0,Meal/Entertain,8.0,Night
2016-05-05 21:24:00,2016-05-05 21:36:00,Business,14.2,Meal/Entertain,12.0,Night
2016-05-05 22:34:00,2016-05-05 22:40:00,Business,2.9,Errand/Supplies,6.0,Night
2016-05-05 23:55:00,2016-05-06 00:08:00,Business,12.9,Meeting,13.0,Night
2016-05-06 05:47:00,2016-05-06 06:02:00,Business,14.4,Meeting,15.0,Morning
2016-05-06 16:45:00,2016-05-06 16:59:00,Business,17.0,Meeting,14.0,Afternoon
2016-05-06 17:18:00,2016-05-06 17:44:00,Business,7.9,Customer Visit,26.0,Evening
2016-05-09 06:08:00,2016-05-09 06:25:00,Business,8.4,Customer Visit,17.0,Morning
2016-05-09 14:39:00,2016-05-09 15:06:00,Business,20.5,Between Offices,27.0,Afternoon
2016-05-09 17:58:00,2016-05-09 18:26:00,Business,9.8,Customer Visit,28.0,Evening
2016-05-09 19:35:00,2016-05-09 19:59:00,Business,17.6,Customer Visit,24.0,Evening
2016-05-10 09:03:00,2016-05-10 09:20:00,Business,9.3,Customer Visit,17.0,Morning
2016-05-10 17:19:00,2016-05-10 17:31:00,Business,7.9,Customer Visit,12.0,Evening
2016-05-11 08:35:00,2016-05-11 09:12:00,Business,25.6,Meeting,37.0,Morning
2016-05-11 21:47:00,2016-05-11 22:04:00,Business,8.1,Meeting,17.0,Night
2016-05-14 18:35:00,2016-05-14 18:39:00,Business,3.1,Meal/Entertain,4.0,Evening
2016-05-14 23:01:00,2016-05-14 23:05:00,Business,3.1,Meal/Entertain,4.0,Night
2016-05-17 13:15:00,2016-05-17 13:23:00,Business,2.8,Errand/Supplies,8.0,Afternoon
2016-05-17 13:56:00,2016-05-17 14:08:00,Business,2.7,Errand/Supplies,12.0,Afternoon
2016-05-17 14:34:00,2016-05-17 14:40:00,Business,1.9,Errand/Supplies,6.0,Afternoon
2016-05-18 09:11:00,2016-05-18 09:41:00,Business,8.4,Customer Visit,30.0,Morning
2016-05-18 13:00:00,2016-05-18 13:02:00,Business,7.6,Customer Visit,2.0,Afternoon
2016-05-19 14:37:00,2016-05-19 15:01:00,Business,2.9,Meal/Entertain,24.0,Afternoon
2016-05-20 10:56:00,2016-05-20 11:07:00,Business,11.2,Meeting,11.0,Morning
2016-05-20 15:43:00,2016-05-20 16:12:00,Business,8.2,Meal/Entertain,29.0,Afternoon
2016-05-22 15:39:00,2016-05-22 15:46:00,Business,3.0,Meal/Entertain,7.0,Afternoon
2016-05-22 18:46:00,2016-05-22 18:53:00,Business,2.5,Meal/Entertain,7.0,Evening
2016-05-23 20:19:00,2016-05-23 20:27:00,Business,3.6,Meal/Entertain,8.0,Evening
2016-05-23 21:09:00,2016-05-23 21:21:00,Business,3.6,Errand/Supplies,12.0,Night
2016-05-27 20:26:00,2016-05-27 20:30:00,Business,4.5,Errand/Supplies,4.0,Evening
2016-05-27 20:47:00,2016-05-27 20:53:00,Business,1.2,(unknown purpose),6.0,Evening
2016-05-27 22:11:00,2016-05-27 22:14:00,Business,1.7,Errand/Supplies,3.0,Night
2016-05-28 00:15:00,2016-05-28 00:21:00,Business,4.7,Errand/Supplies,6.0,Night
2016-05-28 12:52:00,2016-05-28 13:06:00,Business,6.1,Meal/Entertain,14.0,Afternoon
2016-05-28 14:35:00,2016-05-28 15:04:00,Business,11.3,Customer Visit,29.0,Afternoon
2016-05-31 13:54:00,2016-05-31 14:41:00,Business,14.9,Meeting,47.0,Afternoon
2016-05-31 16:02:00,2016-05-31 16:39:00,Business,14.0,Meeting,37.0,Afternoon
2016-05-31 17:50:00,2016-05-31 17:59:00,Business,1.8,(unknown purpose),9.0,Evening
2016-06-01 10:19:00,2016-06-01 10:47:00,Business,6.7,Customer Visit,28.0,Morning
2016-06-01 13:10:00,2016-06-01 13:39:00,Business,9.6,Meeting,29.0,Afternoon
2016-06-03 11:29:00,2016-06-03 11:49:00,Business,10.4,Meeting,20.0,Morning
2016-06-03 13:08:00,2016-06-03 13:38:00,Business,9.9,Meeting,30.0,Afternoon
2016-06-03 15:31:00,2016-06-03 15:54:00,Business,6.0,Meal/Entertain,23.0,Afternoon
2016-06-03 18:14:00,2016-06-03 18:29:00,Business,3.3,Errand/Supplies,15.0,Evening
2016-06-03 18:41:00,2016-06-03 18:53:00,Business,3.1,Errand/Supplies,12.0,Evening
2016-06-03 19:36:00,2016-06-03 19:42:00,Business,1.7,Errand/Supplies,6.0,Evening
2016-06-03 22:47:00,2016-06-03 23:06:00,Business,4.0,Between Offices,19.0,Night
2016-06-05 14:03:00,2016-06-05 14:33:00,Business,7.8,Customer Visit,30.0,Afternoon
2016-06-05 15:06:00,2016-06-05 15:22:00,Business,7.8,Customer Visit,16.0,Afternoon
2016-06-05 15:57:00,2016-06-05 16:08:00,Business,3.8,Meal/Entertain,11.0,Afternoon
2016-06-05 18:05:00,2016-06-05 18:14:00,Business,2.5,Meal/Entertain,9.0,Evening
2016-06-05 21:53:00,2016-06-05 22:05:00,Business,9.9,Meeting,12.0,Night
2016-06-05 23:52:00,2016-06-06 00:08:00,Business,9.9,Meeting,16.0,Night
2016-06-06 15:36:00,2016-06-06 15:45:00,Business,3.0,Errand/Supplies,9.0,Afternoon
2016-06-06 16:16:00,2016-06-06 16:24:00,Business,2.4,Errand/Supplies,8.0,Afternoon
2016-06-06 20:06:00,2016-06-06 20:20:00,Business,5.7,Meal/Entertain,14.0,Evening
2016-06-06 21:08:00,2016-06-06 21:37:00,Business,7.2,Meal/Entertain,29.0,Night
2016-06-06 21:41:00,2016-06-06 22:00:00,Business,10.4,Meeting,19.0,Night
2016-06-06 23:34:00,2016-06-06 23:48:00,Business,9.9,Meeting,14.0,Night
2016-06-07 21:42:00,2016-06-07 22:00:00,Business,10.4,Meeting,18.0,Night
2016-06-07 23:41:00,2016-06-08 00:04:00,Business,9.9,Meeting,23.0,Night
2016-06-08 08:23:00,2016-06-08 08:53:00,Business,8.7,Meal/Entertain,30.0,Morning
2016-06-08 12:04:00,2016-06-08 13:01:00,Business,22.3,Errand/Supplies,57.0,Afternoon
2016-06-08 13:12:00,2016-06-08 13:29:00,Business,3.3,Meal/Entertain,17.0,Afternoon
2016-06-08 14:31:00,2016-06-08 14:37:00,Business,0.7,Errand/Supplies,6.0,Afternoon
2016-06-08 16:55:00,2016-06-08 17:11:00,Business,2.5,Meal/Entertain,16.0,Afternoon
2016-06-08 17:16:00,2016-06-08 17:18:00,Business,0.5,Errand/Supplies,2.0,Evening
2016-06-08 17:59:00,2016-06-08 18:05:00,Business,0.9,Errand/Supplies,6.0,Evening
2016-06-08 20:11:00,2016-06-08 20:25:00,Business,4.8,Errand/Supplies,14.0,Evening
2016-06-10 15:19:00,2016-06-10 16:28:00,Business,16.3,Meeting,69.0,Afternoon
2016-06-10 21:47:00,2016-06-10 22:04:00,Business,10.4,Meeting,17.0,Night
2016-06-10 23:53:00,2016-06-11 00:01:00,Business,9.9,Meeting,8.0,Night
2016-06-11 17:08:00,2016-06-11 17:16:00,Business,3.7,Errand/Supplies,8.0,Evening
2016-06-11 17:34:00,2016-06-11 17:39:00,Business,4.6,Meal/Entertain,5.0,Evening
2016-06-11 17:50:00,2016-06-11 17:56:00,Business,1.7,(unknown purpose),6.0,Evening
2016-06-11 21:45:00,2016-06-11 22:04:00,Business,10.4,Meeting,19.0,Night
2016-06-11 23:39:00,2016-06-12 00:05:00,Business,9.9,Meeting,26.0,Night
2016-06-12 19:53:00,2016-06-12 19:56:00,Business,2.5,Meal/Entertain,3.0,Evening
2016-06-12 20:05:00,2016-06-12 20:16:00,Business,4.3,Errand/Supplies,11.0,Evening
2016-06-12 21:58:00,2016-06-12 22:19:00,Business,2.8,Errand/Supplies,21.0,Night
2016-06-13 05:23:00,2016-06-13 05:42:00,Business,8.4,Meal/Entertain,19.0,Morning
2016-06-13 14:17:00,2016-06-13 14:46:00,Business,13.2,Meeting,29.0,Afternoon
2016-06-13 18:08:00,2016-06-13 18:47:00,Business,3.9,Meal/Entertain,39.0,Evening
2016-06-13 18:54:00,2016-06-13 19:23:00,Business,5.1,Meal/Entertain,29.0,Evening
2016-06-13 20:00:00,2016-06-13 20:05:00,Business,5.2,Customer Visit,5.0,Evening
2016-06-14 12:03:00,2016-06-14 12:21:00,Business,9.8,(unknown purpose),18.0,Afternoon
2016-06-14 16:09:00,2016-06-14 16:39:00,Business,11.6,Meeting,30.0,Afternoon
2016-06-14 17:15:00,2016-06-14 17:24:00,Business,5.1,Meeting,9.0,Evening
2016-06-14 17:27:00,2016-06-14 17:57:00,Business,9.3,Errand/Supplies,30.0,Evening
2016-06-15 01:46:00,2016-06-15 02:06:00,Business,12.4,Between Offices,20.0,Night
2016-06-15 15:26:00,2016-06-15 15:34:00,Business,1.9,Between Offices,8.0,Afternoon
2016-06-15 16:37:00,2016-06-15 17:02:00,Business,6.4,Customer Visit,25.0,Afternoon
2016-06-15 17:29:00,2016-06-15 17:49:00,Personal,5.5,(unknown purpose),20.0,Evening
2016-06-15 19:52:00,2016-06-15 19:58:00,Business,1.5,Meal/Entertain,6.0,Evening
2016-06-16 13:36:00,2016-06-16 14:30:00,Business,14.5,(unknown purpose),54.0,Afternoon
2016-06-16 14:42:00,2016-06-16 14:46:00,Business,2.7,(unknown purpose),4.0,Afternoon
2016-06-16 15:17:00,2016-06-16 15:41:00,Business,15.0,(unknown purpose),24.0,Afternoon
2016-06-16 19:39:00,2016-06-16 19:56:00,Business,12.9,(unknown purpose),17.0,Evening
2016-06-16 21:43:00,2016-06-16 21:56:00,Business,13.6,(unknown purpose),13.0,Night
2016-06-17 16:11:00,2016-06-17 16:44:00,Business,12.2,(unknown purpose),33.0,Afternoon
2016-06-18 00:29:00,2016-06-18 00:51:00,Business,8.7,(unknown purpose),22.0,Night
2016-06-19 02:39:00,2016-06-19 02:50:00,Business,6.0,(unknown purpose),11.0,Night
2016-06-19 05:51:00,2016-06-19 06:00:00,Business,5.9,(unknown purpose),9.0,Morning
2016-06-21 15:39:00,2016-06-21 16:08:00,Business,19.3,(unknown purpose),29.0,Afternoon
2016-06-21 17:11:00,2016-06-21 18:02:00,Business,16.6,Meal/Entertain,51.0,Evening
2016-06-24 10:41:00,2016-06-24 10:57:00,Business,7.1,Meal/Entertain,16.0,Morning
2016-06-24 11:54:00,2016-06-24 12:01:00,Business,2.1,Meal/Entertain,7.0,Morning
2016-06-24 12:19:00,2016-06-24 12:37:00,Business,8.6,Errand/Supplies,18.0,Afternoon
2016-06-24 12:50:00,2016-06-24 13:12:00,Business,9.0,Errand/Supplies,22.0,Afternoon
2016-06-24 13:18:00,2016-06-24 13:27:00,Business,3.1,Errand/Supplies,9.0,Afternoon
2016-06-24 14:01:00,2016-06-24 14:20:00,Business,8.4,Temporary Site,19.0,Afternoon
2016-06-24 20:44:00,2016-06-24 21:02:00,Business,12.8,(unknown purpose),18.0,Evening
2016-06-25 09:03:00,2016-06-25 09:12:00,Business,4.5,(unknown purpose),9.0,Morning
2016-06-25 09:15:00,2016-06-25 10:08:00,Business,11.8,Between Offices,53.0,Morning
2016-06-25 10:18:00,2016-06-25 10:25:00,Business,1.1,Errand/Supplies,7.0,Morning
2016-06-25 10:50:00,2016-06-25 11:18:00,Business,17.0,Meal/Entertain,28.0,Morning
2016-06-25 11:25:00,2016-06-25 11:34:00,Business,1.7,Meeting,9.0,Morning
2016-06-25 11:53:00,2016-06-25 13:21:00,Business,15.5,Meeting,88.0,Morning
2016-06-25 19:47:00,2016-06-25 19:58:00,Business,1.6,(unknown purpose),11.0,Evening
2016-06-25 23:19:00,2016-06-25 23:26:00,Business,1.5,(unknown purpose),7.0,Night
2016-06-26 17:43:00,2016-06-26 18:18:00,Business,12.6,Meeting,35.0,Evening
2016-06-26 18:45:00,2016-06-26 19:12:00,Business,4.8,(unknown purpose),27.0,Evening
2016-06-26 19:41:00,2016-06-26 19:50:00,Business,2.2,(unknown purpose),9.0,Evening
2016-06-26 21:14:00,2016-06-26 21:42:00,Business,13.0,(unknown purpose),28.0,Night
2016-06-27 07:37:00,2016-06-27 08:48:00,Business,46.9,(unknown purpose),71.0,Morning
2016-06-27 08:51:00,2016-06-27 09:00:00,Business,2.5,(unknown purpose),9.0,Morning
2016-06-27 09:05:00,2016-06-27 09:33:00,Business,8.6,(unknown purpose),28.0,Morning
2016-06-27 09:43:00,2016-06-27 10:08:00,Business,5.2,(unknown purpose),25.0,Morning
2016-06-27 10:22:00,2016-06-27 10:39:00,Business,7.6,(unknown purpose),17.0,Morning
2016-06-27 10:51:00,2016-06-27 10:58:00,Business,1.8,(unknown purpose),7.0,Morning
2016-06-27 11:06:00,2016-06-27 11:24:00,Business,4.7,(unknown purpose),18.0,Morning
2016-06-27 11:30:00,2016-06-27 11:42:00,Business,2.8,(unknown purpose),12.0,Morning
2016-06-27 12:22:00,2016-06-27 13:02:00,Business,30.0,(unknown purpose),40.0,Afternoon
2016-06-27 13:56:00,2016-06-27 14:05:00,Business,4.4,(unknown purpose),9.0,Afternoon
2016-06-27 21:09:00,2016-06-27 21:19:00,Business,1.0,(unknown purpose),10.0,Night
2016-06-28 00:48:00,2016-06-28 01:05:00,Business,8.2,Customer Visit,17.0,Night
2016-06-28 20:13:00,2016-06-28 20:33:00,Business,10.4,Meeting,20.0,Evening
2016-06-28 23:34:00,2016-06-28 23:59:00,Business,9.9,Meeting,25.0,Night
2016-06-29 08:56:00,2016-06-29 09:24:00,Business,7.3,(unknown purpose),28.0,Morning
2016-06-29 10:22:00,2016-06-29 10:38:00,Business,7.4,(unknown purpose),16.0,Morning
2016-06-29 11:49:00,2016-06-29 11:51:00,Business,1.6,(unknown purpose),2.0,Morning
2016-06-29 12:11:00,2016-06-29 12:16:00,Business,1.8,(unknown purpose),5.0,Afternoon
2016-06-29 20:11:00,2016-06-29 20:29:00,Business,10.4,Meeting,18.0,Evening
2016-06-29 23:38:00,2016-06-30 00:00:00,Business,9.9,Meeting,22.0,Night
2016-06-30 20:09:00,2016-06-30 20:26:00,Business,9.9,Meeting,17.0,Evening
2016-07-01 00:00:00,2016-07-01 00:25:00,Business,9.9,Meeting,25.0,Night
2016-07-01 09:34:00,2016-07-01 09:57:00,Business,13.3,Meeting,23.0,Morning
2016-07-01 12:36:00,2016-07-01 13:00:00,Business,11.3,Meeting,24.0,Afternoon
2016-07-01 20:06:00,2016-07-01 20:24:00,Business,10.5,Meeting,18.0,Evening
2016-07-01 23:48:00,2016-07-02 00:09:00,Business,9.9,Meeting,21.0,Night
2016-07-02 20:18:00,2016-07-02 20:36:00,Business,10.1,Meeting,18.0,Evening
2016-07-02 23:48:00,2016-07-03 00:12:00,Business,9.9,Meeting,24.0,Night
2016-07-03 00:28:00,2016-07-03 00:38:00,Business,3.1,Errand/Supplies,10.0,Night
2016-07-03 03:02:00,2016-07-03 03:08:00,Business,3.1,Errand/Supplies,6.0,Night
2016-07-03 20:00:00,2016-07-03 20:18:00,Business,9.9,Meeting,18.0,Evening
2016-07-04 00:32:00,2016-07-04 00:47:00,Business,9.9,Meeting,15.0,Night
2016-07-04 17:31:00,2016-07-04 17:49:00,Business,8.8,Meeting,18.0,Evening
2016-07-04 18:23:00,2016-07-04 18:49:00,Business,8.7,Temporary Site,26.0,Evening
2016-07-04 20:00:00,2016-07-04 20:17:00,Business,11.8,Meeting,17.0,Evening
2016-07-05 00:00:00,2016-07-05 00:05:00,Business,1.2,Errand/Supplies,5.0,Night
2016-07-05 00:08:00,2016-07-05 00:28:00,Business,9.9,Meeting,20.0,Night
2016-07-05 16:48:00,2016-07-05 16:52:00,Business,0.6,Errand/Supplies,4.0,Afternoon
2016-07-05 20:06:00,2016-07-05 20:26:00,Business,9.9,(unknown purpose),20.0,Evening
2016-07-05 22:41:00,2016-07-05 23:02:00,Business,8.6,(unknown purpose),21.0,Night
2016-07-06 00:33:00,2016-07-06 00:53:00,Business,6.3,Meal/Entertain,20.0,Night
2016-07-06 09:06:00,2016-07-06 09:25:00,Business,9.9,Meeting,19.0,Morning
2016-07-06 12:48:00,2016-07-06 13:08:00,Business,9.9,(unknown purpose),20.0,Afternoon
2016-07-06 20:04:00,2016-07-06 20:14:00,Business,3.3,Meal/Entertain,10.0,Evening
2016-07-06 23:46:00,2016-07-06 23:59:00,Business,3.1,Customer Visit,13.0,Night
2016-07-07 08:22:00,2016-07-07 08:50:00,Business,7.9,Temporary Site,28.0,Morning
2016-07-07 10:27:00,2016-07-07 10:33:00,Business,8.9,(unknown purpose),6.0,Morning
2016-07-07 12:59:00,2016-07-07 13:35:00,Business,12.8,(unknown purpose),36.0,Afternoon
2016-07-08 09:50:00,2016-07-08 10:13:00,Business,7.7,(unknown purpose),23.0,Morning
2016-07-08 10:51:00,2016-07-08 11:12:00,Business,7.0,(unknown purpose),21.0,Morning
2016-07-08 13:48:00,2016-07-08 14:11:00,Business,12.5,(unknown purpose),23.0,Afternoon
2016-07-08 17:11:00,2016-07-08 17:30:00,Business,13.2,(unknown purpose),19.0,Evening
2016-07-09 09:03:00,2016-07-09 09:46:00,Business,13.0,(unknown purpose),43.0,Morning
2016-07-09 09:52:00,2016-07-09 10:06:00,Business,4.9,(unknown purpose),14.0,Morning
2016-07-09 10:15:00,2016-07-09 10:33:00,Business,8.5,(unknown purpose),18.0,Morning
2016-07-10 14:10:00,2016-07-10 14:17:00,Business,1.3,(unknown purpose),7.0,Afternoon
2016-07-10 16:04:00,2016-07-10 16:15:00,Business,1.8,(unknown purpose),11.0,Afternoon
2016-07-10 18:05:00,2016-07-10 18:21:00,Business,13.6,(unknown purpose),16.0,Evening
2016-07-10 19:51:00,2016-07-10 20:08:00,Business,13.4,(unknown purpose),17.0,Evening
2016-07-12 16:10:00,2016-07-12 16:45:00,Business,12.3,(unknown purpose),35.0,Afternoon
2016-07-12 19:21:00,2016-07-12 19:26:00,Personal,1.4,(unknown purpose),5.0,Evening
2016-07-12 23:47:00,2016-07-13 00:11:00,Personal,8.7,(unknown purpose),24.0,Night
2016-07-13 12:39:00,2016-07-13 13:20:00,Personal,23.5,(unknown purpose),41.0,Afternoon
2016-07-13 13:25:00,2016-07-13 13:39:00,Personal,2.2,(unknown purpose),14.0,Afternoon
2016-07-13 13:42:00,2016-07-13 13:54:00,Personal,4.4,(unknown purpose),12.0,Afternoon
2016-07-14 15:51:00,2016-07-14 15:59:00,Personal,3.3,(unknown purpose),8.0,Afternoon
2016-07-14 16:03:00,2016-07-14 16:34:00,Business,11.8,Errand/Supplies,31.0,Afternoon
2016-07-14 16:39:00,2016-07-14 20:05:00,Business,195.3,(unknown purpose),206.0,Afternoon
2016-07-15 11:32:00,2016-07-15 11:53:00,Personal,8.3,(unknown purpose),21.0,Morning
2016-07-15 12:09:00,2016-07-15 12:19:00,Personal,3.2,(unknown purpose),10.0,Afternoon
2016-07-15 12:35:00,2016-07-15 13:15:00,Personal,22.4,(unknown purpose),40.0,Afternoon
2016-07-15 15:03:00,2016-07-15 15:33:00,Personal,12.2,(unknown purpose),30.0,Afternoon
2016-07-15 15:40:00,2016-07-15 15:52:00,Personal,4.5,(unknown purpose),12.0,Afternoon
2016-07-16 13:14:00,2016-07-16 14:10:00,Personal,28.1,(unknown purpose),56.0,Afternoon
2016-07-16 14:14:00,2016-07-16 14:30:00,Personal,3.8,(unknown purpose),16.0,Afternoon
2016-07-16 15:29:00,2016-07-16 16:57:00,Personal,41.9,(unknown purpose),88.0,Afternoon
2016-07-16 19:42:00,2016-07-16 20:35:00,Personal,23.8,(unknown purpose),53.0,Evening
2016-07-16 21:45:00,2016-07-16 22:18:00,Personal,13.0,(unknown purpose),33.0,Night
2016-07-16 22:50:00,2016-07-16 23:03:00,Business,4.4,Errand/Supplies,13.0,Night
2016-07-17 11:23:00,2016-07-17 11:50:00,Personal,15.1,Charity ($),27.0,Morning
2016-07-17 12:20:00,2016-07-17 15:25:00,Personal,180.2,Commute,185.0,Afternoon
2016-07-18 10:37:00,2016-07-18 10:49:00,Personal,4.1,Moving,12.0,Morning
2016-07-18 10:54:00,2016-07-18 11:15:00,Personal,6.1,Moving,21.0,Morning
2016-07-18 11:25:00,2016-07-18 11:36:00,Personal,3.3,Moving,11.0,Morning
2016-07-18 11:40:00,2016-07-18 11:56:00,Personal,4.7,Moving,16.0,Morning
2016-07-18 17:12:00,2016-07-18 17:33:00,Business,7.2,Meeting,21.0,Evening
2016-07-18 18:32:00,2016-07-18 18:47:00,Business,5.5,Meal/Entertain,15.0,Evening
2016-07-18 19:07:00,2016-07-18 19:14:00,Business,3.3,Meal/Entertain,7.0,Evening
2016-07-18 20:28:00,2016-07-18 20:32:00,Business,0.9,Errand/Supplies,4.0,Evening
2016-07-18 21:11:00,2016-07-18 21:19:00,Business,3.8,Meal/Entertain,8.0,Night
2016-07-19 10:35:00,2016-07-19 10:51:00,Business,6.4,Customer Visit,16.0,Morning
2016-07-19 10:56:00,2016-07-19 11:11:00,Business,3.0,Meeting,15.0,Morning
2016-07-19 11:30:00,2016-07-19 12:00:00,Business,8.7,Meal/Entertain,30.0,Morning
2016-07-19 17:14:00,2016-07-19 17:24:00,Business,3.9,Errand/Supplies,10.0,Evening
2016-07-19 17:50:00,2016-07-19 18:08:00,Personal,4.8,(unknown purpose),18.0,Evening
2016-07-20 17:12:00,2016-07-20 17:24:00,Personal,2.8,(unknown purpose),12.0,Evening
2016-07-20 17:50:00,2016-07-20 17:57:00,Personal,1.4,(unknown purpose),7.0,Evening
2016-07-20 18:16:00,2016-07-20 18:20:00,Personal,1.4,(unknown purpose),4.0,Evening
2016-07-21 17:17:00,2016-07-21 17:23:00,Business,2.7,(unknown purpose),6.0,Evening
2016-07-21 17:42:00,2016-07-21 17:51:00,Business,2.3,(unknown purpose),9.0,Evening
2016-07-21 18:27:00,2016-07-21 18:42:00,Business,3.7,(unknown purpose),15.0,Evening
2016-07-21 19:30:00,2016-07-21 19:39:00,Business,2.9,(unknown purpose),9.0,Evening
2016-07-22 10:42:00,2016-07-22 10:53:00,Business,3.8,(unknown purpose),11.0,Morning
2016-07-22 11:11:00,2016-07-22 11:25:00,Business,5.1,(unknown purpose),14.0,Morning
2016-07-22 11:37:00,2016-07-22 12:00:00,Business,9.1,(unknown purpose),23.0,Morning
2016-07-22 12:14:00,2016-07-22 12:31:00,Business,8.0,(unknown purpose),17.0,Afternoon
2016-07-22 13:21:00,2016-07-22 13:42:00,Business,9.9,Meeting,21.0,Afternoon
2016-07-22 14:27:00,2016-07-22 14:43:00,Business,6.1,Meal/Entertain,16.0,Afternoon
2016-07-22 15:49:00,2016-07-22 16:22:00,Business,12.2,(unknown purpose),33.0,Afternoon
2016-07-22 18:33:00,2016-07-22 18:51:00,Business,8.0,(unknown purpose),18.0,Evening
2016-07-23 14:27:00,2016-07-23 14:44:00,Business,4.0,(unknown purpose),17.0,Afternoon
2016-07-23 14:48:00,2016-07-23 15:12:00,Business,9.5,(unknown purpose),24.0,Afternoon
2016-07-23 15:15:00,2016-07-23 15:27:00,Business,3.0,(unknown purpose),12.0,Afternoon
2016-07-23 15:50:00,2016-07-23 16:10:00,Business,6.3,(unknown purpose),20.0,Afternoon
2016-07-23 20:17:00,2016-07-23 20:33:00,Business,10.4,Meeting,16.0,Evening
2016-07-23 23:18:00,2016-07-23 23:43:00,Business,9.9,Meeting,25.0,Night
2016-07-25 10:35:00,2016-07-25 10:41:00,Business,1.5,(unknown purpose),6.0,Morning
2016-07-25 10:47:00,2016-07-25 10:58:00,Business,4.9,(unknown purpose),11.0,Morning
2016-07-25 11:04:00,2016-07-25 11:33:00,Business,7.9,(unknown purpose),29.0,Morning
2016-07-25 11:37:00,2016-07-25 11:44:00,Business,1.7,(unknown purpose),7.0,Morning
2016-07-26 15:43:00,2016-07-26 15:49:00,Business,2.2,(unknown purpose),6.0,Afternoon
2016-07-26 17:14:00,2016-07-26 17:24:00,Business,2.1,(unknown purpose),10.0,Evening
2016-07-26 20:52:00,2016-07-26 21:00:00,Business,2.5,Meal/Entertain,8.0,Evening
2016-07-26 22:31:00,2016-07-26 22:39:00,Business,2.5,Meal/Entertain,8.0,Night
2016-07-27 19:08:00,2016-07-27 19:20:00,Business,2.8,(unknown purpose),12.0,Evening
2016-07-27 21:34:00,2016-07-27 21:57:00,Business,14.7,(unknown purpose),23.0,Night
2016-07-27 22:00:00,2016-07-27 22:26:00,Business,14.6,(unknown purpose),26.0,Night
2016-07-28 00:04:00,2016-07-28 00:09:00,Business,2.3,(unknown purpose),5.0,Night
2016-07-29 15:45:00,2016-07-29 15:47:00,Business,2.2,(unknown purpose),2.0,Afternoon
2016-07-29 17:27:00,2016-07-29 17:45:00,Business,2.2,Meal/Entertain,18.0,Evening
2016-07-30 17:02:00,2016-07-30 17:27:00,Business,14.0,(unknown purpose),25.0,Evening
2016-07-30 21:16:00,2016-07-30 21:41:00,Business,13.3,(unknown purpose),25.0,Night
2016-07-31 17:30:00,2016-07-31 17:37:00,Business,1.8,(unknown purpose),7.0,Evening
2016-08-01 12:47:00,2016-08-01 13:04:00,Business,6.2,(unknown purpose),17.0,Afternoon
2016-08-01 13:08:00,2016-08-01 13:19:00,Business,1.3,(unknown purpose),11.0,Afternoon
2016-08-01 13:28:00,2016-08-01 13:46:00,Business,1.9,(unknown purpose),18.0,Afternoon
2016-08-01 13:52:00,2016-08-01 14:14:00,Business,6.9,(unknown purpose),22.0,Afternoon
2016-08-01 15:40:00,2016-08-01 15:47:00,Business,4.6,(unknown purpose),7.0,Afternoon
2016-08-01 16:18:00,2016-08-01 16:25:00,Business,2.8,(unknown purpose),7.0,Afternoon
2016-08-01 16:29:00,2016-08-01 16:59:00,Business,9.1,(unknown purpose),30.0,Afternoon
2016-08-01 17:23:00,2016-08-01 17:55:00,Business,8.1,(unknown purpose),32.0,Evening
2016-08-02 08:11:00,2016-08-02 08:32:00,Business,8.4,Meeting,21.0,Morning
2016-08-02 11:51:00,2016-08-02 12:15:00,Business,4.9,(unknown purpose),24.0,Morning
2016-08-02 19:15:00,2016-08-02 19:23:00,Business,1.0,(unknown purpose),8.0,Evening
2016-08-02 21:23:00,2016-08-02 21:29:00,Business,1.0,(unknown purpose),6.0,Night
2016-08-03 12:46:00,2016-08-03 13:00:00,Business,2.0,(unknown purpose),14.0,Afternoon
2016-08-03 14:59:00,2016-08-03 15:03:00,Business,1.1,(unknown purpose),4.0,Afternoon
2016-08-03 16:00:00,2016-08-03 16:04:00,Business,1.5,(unknown purpose),4.0,Afternoon
2016-08-05 17:23:00,2016-08-05 17:30:00,Business,1.3,(unknown purpose),7.0,Evening
2016-08-05 18:17:00,2016-08-05 18:21:00,Business,1.8,(unknown purpose),4.0,Evening
2016-08-05 19:17:00,2016-08-05 19:27:00,Business,1.5,(unknown purpose),10.0,Evening
2016-08-06 06:40:00,2016-08-06 06:58:00,Business,6.6,(unknown purpose),18.0,Morning
2016-08-06 09:31:00,2016-08-06 09:53:00,Business,8.0,(unknown purpose),22.0,Morning
2016-08-07 17:14:00,2016-08-07 17:23:00,Business,2.7,(unknown purpose),9.0,Evening
2016-08-07 17:28:00,2016-08-07 17:43:00,Business,2.7,Customer Visit,15.0,Evening
2016-08-07 18:17:00,2016-08-07 18:23:00,Business,2.5,(unknown purpose),6.0,Evening
2016-08-07 20:15:00,2016-08-07 20:23:00,Business,2.5,Meal/Entertain,8.0,Evening
2016-08-08 16:17:00,2016-08-08 16:31:00,Business,5.2,(unknown purpose),14.0,Afternoon
2016-08-08 16:37:00,2016-08-08 16:50:00,Business,4.0,(unknown purpose),13.0,Afternoon
2016-08-08 17:02:00,2016-08-08 17:13:00,Business,2.7,Customer Visit,11.0,Evening
2016-08-08 21:50:00,2016-08-08 22:15:00,Business,4.8,(unknown purpose),25.0,Night
2016-08-08 23:28:00,2016-08-08 23:37:00,Business,3.2,Customer Visit,9.0,Night
2016-08-09 14:20:00,2016-08-09 14:38:00,Business,6.9,(unknown purpose),18.0,Afternoon
2016-08-09 15:15:00,2016-08-09 15:36:00,Business,14.9,(unknown purpose),21.0,Afternoon
2016-08-09 16:04:00,2016-08-09 16:37:00,Business,17.4,(unknown purpose),33.0,Afternoon
2016-08-10 16:56:00,2016-08-10 17:24:00,Business,12.9,(unknown purpose),28.0,Afternoon
2016-08-10 17:53:00,2016-08-10 18:28:00,Business,15.3,(unknown purpose),35.0,Evening
2016-08-10 18:49:00,2016-08-10 18:50:00,Business,1.0,(unknown purpose),1.0,Evening
2016-08-10 19:47:00,2016-08-10 20:02:00,Business,6.0,(unknown purpose),15.0,Evening
2016-08-11 12:53:00,2016-08-11 13:00:00,Business,2.2,(unknown purpose),7.0,Afternoon
2016-08-11 13:14:00,2016-08-11 13:28:00,Business,4.4,(unknown purpose),14.0,Afternoon
2016-08-11 13:32:00,2016-08-11 13:42:00,Business,2.8,(unknown purpose),10.0,Afternoon
2016-08-11 18:37:00,2016-08-11 19:29:00,Business,31.7,(unknown purpose),52.0,Evening
2016-08-11 20:59:00,2016-08-11 21:44:00,Business,31.9,(unknown purpose),45.0,Evening
2016-08-12 18:49:00,2016-08-12 18:52:00,Business,1.9,(unknown purpose),3.0,Evening
2016-08-12 18:56:00,2016-08-12 19:05:00,Business,1.8,(unknown purpose),9.0,Evening
2016-08-13 15:35:00,2016-08-13 15:58:00,Business,8.4,Meeting,23.0,Afternoon
2016-08-15 09:05:00,2016-08-15 09:52:00,Business,15.6,(unknown purpose),47.0,Morning
2016-08-15 15:20:00,2016-08-15 15:47:00,Business,14.1,(unknown purpose),27.0,Afternoon
2016-08-15 16:52:00,2016-08-15 17:30:00,Business,15.7,(unknown purpose),38.0,Afternoon
2016-08-15 19:08:00,2016-08-15 20:30:00,Business,25.9,Temporary Site,82.0,Evening
2016-08-16 07:58:00,2016-08-16 08:11:00,Business,7.9,(unknown purpose),13.0,Morning
2016-08-16 08:16:00,2016-08-16 08:23:00,Business,2.7,(unknown purpose),7.0,Morning
2016-08-16 08:46:00,2016-08-16 08:53:00,Business,5.5,(unknown purpose),7.0,Morning
2016-08-16 10:06:00,2016-08-16 10:27:00,Business,5.7,(unknown purpose),21.0,Morning
2016-08-16 10:31:00,2016-08-16 10:38:00,Business,1.2,(unknown purpose),7.0,Morning
2016-08-16 11:47:00,2016-08-16 12:03:00,Business,5.7,Temporary Site,16.0,Morning
2016-08-16 15:13:00,2016-08-16 15:36:00,Business,16.2,(unknown purpose),23.0,Afternoon
2016-08-17 10:17:00,2016-08-17 10:41:00,Business,2.6,(unknown purpose),24.0,Morning
2016-08-17 10:57:00,2016-08-17 11:20:00,Business,12.1,(unknown purpose),23.0,Morning
2016-08-17 14:45:00,2016-08-17 14:50:00,Business,1.4,(unknown purpose),5.0,Afternoon
2016-08-17 15:32:00,2016-08-17 15:47:00,Business,6.4,(unknown purpose),15.0,Afternoon
2016-08-17 16:29:00,2016-08-17 16:50:00,Business,7.3,(unknown purpose),21.0,Afternoon
2016-08-17 16:54:00,2016-08-17 17:00:00,Business,5.3,(unknown purpose),6.0,Afternoon
2016-08-17 17:05:00,2016-08-17 17:34:00,Business,5.5,(unknown purpose),29.0,Evening
2016-08-17 18:38:00,2016-08-17 18:57:00,Business,7.7,Temporary Site,19.0,Evening
2016-08-18 18:40:00,2016-08-18 19:07:00,Business,7.6,Temporary Site,27.0,Evening
2016-08-19 08:24:00,2016-08-19 08:45:00,Business,7.6,(unknown purpose),21.0,Morning
2016-08-19 08:54:00,2016-08-19 09:07:00,Business,3.3,(unknown purpose),13.0,Morning
2016-08-19 09:27:00,2016-08-19 09:47:00,Business,6.5,(unknown purpose),20.0,Morning
2016-08-19 10:57:00,2016-08-19 11:06:00,Business,2.0,(unknown purpose),9.0,Morning
2016-08-19 12:07:00,2016-08-19 12:24:00,Business,5.7,(unknown purpose),17.0,Afternoon
2016-08-19 15:51:00,2016-08-19 16:06:00,Business,3.2,(unknown purpose),15.0,Afternoon
2016-08-19 17:12:00,2016-08-19 17:52:00,Business,12.5,(unknown purpose),40.0,Evening
2016-08-21 10:00:00,2016-08-21 10:29:00,Business,7.6,Airport/Travel,29.0,Morning
2016-08-21 14:05:00,2016-08-21 14:34:00,Business,7.7,(unknown purpose),29.0,Afternoon
2016-08-21 16:30:00,2016-08-21 17:02:00,Business,12.2,(unknown purpose),32.0,Afternoon
2016-08-21 18:10:00,2016-08-21 18:17:00,Business,1.4,(unknown purpose),7.0,Evening
2016-08-21 18:48:00,2016-08-21 19:24:00,Business,20.2,(unknown purpose),36.0,Evening
2016-08-22 10:00:00,2016-08-22 10:44:00,Business,9.8,(unknown purpose),44.0,Morning
2016-08-22 11:07:00,2016-08-22 11:23:00,Business,6.3,(unknown purpose),16.0,Morning
2016-08-22 12:36:00,2016-08-22 12:49:00,Business,4.9,(unknown purpose),13.0,Afternoon
2016-08-22 13:02:00,2016-08-22 13:11:00,Business,1.5,(unknown purpose),9.0,Afternoon
2016-08-22 14:07:00,2016-08-22 14:31:00,Business,10.9,(unknown purpose),24.0,Afternoon
2016-08-22 15:14:00,2016-08-22 15:49:00,Business,19.0,(unknown purpose),35.0,Afternoon
2016-08-22 15:59:00,2016-08-22 17:16:00,Business,19.0,(unknown purpose),77.0,Afternoon
2016-08-22 19:58:00,2016-08-22 20:50:00,Business,7.9,(unknown purpose),52.0,Evening
2016-08-22 20:53:00,2016-08-22 21:31:00,Business,4.1,(unknown purpose),38.0,Evening
2016-08-22 22:31:00,2016-08-22 23:00:00,Business,18.7,(unknown purpose),29.0,Night
2016-08-23 08:10:00,2016-08-23 08:25:00,Business,8.7,(unknown purpose),15.0,Morning
2016-08-23 09:35:00,2016-08-23 10:09:00,Business,7.5,(unknown purpose),34.0,Morning
2016-08-23 12:59:00,2016-08-23 13:15:00,Business,7.7,(unknown purpose),16.0,Afternoon
2016-08-23 13:19:00,2016-08-23 13:30:00,Business,4.4,(unknown purpose),11.0,Afternoon
2016-08-23 13:49:00,2016-08-23 14:04:00,Business,5.0,(unknown purpose),15.0,Afternoon
2016-08-23 15:07:00,2016-08-23 15:12:00,Business,1.9,(unknown purpose),5.0,Afternoon
2016-08-23 15:15:00,2016-08-23 17:16:00,Business,7.9,(unknown purpose),121.0,Afternoon
2016-08-23 17:42:00,2016-08-23 18:31:00,Business,17.7,(unknown purpose),49.0,Evening
2016-08-24 12:05:00,2016-08-24 12:56:00,Business,25.2,(unknown purpose),51.0,Afternoon
2016-08-24 13:01:00,2016-08-24 15:25:00,Business,96.2,(unknown purpose),144.0,Afternoon
2016-08-25 15:17:00,2016-08-25 16:22:00,Business,35.0,(unknown purpose),65.0,Afternoon
2016-08-25 16:36:00,2016-08-25 16:56:00,Business,5.5,(unknown purpose),20.0,Afternoon
2016-08-25 17:19:00,2016-08-25 19:20:00,Business,50.4,(unknown purpose),121.0,Evening
2016-08-25 19:25:00,2016-08-25 19:57:00,Business,9.2,(unknown purpose),32.0,Evening
2016-08-25 22:58:00,2016-08-25 23:16:00,Business,7.3,(unknown purpose),18.0,Night
2016-08-26 09:06:00,2016-08-26 09:20:00,Business,5.0,(unknown purpose),14.0,Morning
2016-08-26 11:14:00,2016-08-26 11:26:00,Business,3.8,(unknown purpose),12.0,Morning
2016-08-26 12:10:00,2016-08-26 12:20:00,Business,3.9,(unknown purpose),10.0,Afternoon
2016-08-26 14:10:00,2016-08-26 14:33:00,Business,7.4,(unknown purpose),23.0,Afternoon
2016-08-26 15:23:00,2016-08-26 15:35:00,Business,1.5,(unknown purpose),12.0,Afternoon
2016-08-26 15:59:00,2016-08-26 16:24:00,Business,7.9,(unknown purpose),25.0,Afternoon
2016-08-26 16:55:00,2016-08-26 17:12:00,Business,2.9,(unknown purpose),17.0,Afternoon
2016-08-26 18:42:00,2016-08-26 18:56:00,Business,3.4,(unknown purpose),14.0,Evening
2016-08-26 19:31:00,2016-08-26 19:54:00,Business,3.8,(unknown purpose),23.0,Evening
2016-08-26 20:06:00,2016-08-26 20:16:00,Business,5.9,(unknown purpose),10.0,Evening
2016-08-27 09:34:00,2016-08-27 10:11:00,Business,9.6,(unknown purpose),37.0,Morning
2016-08-27 11:47:00,2016-08-27 12:06:00,Business,7.0,(unknown purpose),19.0,Morning
2016-08-27 12:12:00,2016-08-27 12:17:00,Business,0.9,(unknown purpose),5.0,Afternoon
2016-08-27 14:01:00,2016-08-27 15:44:00,Business,86.6,(unknown purpose),103.0,Afternoon
2016-08-27 16:15:00,2016-08-27 19:13:00,Business,156.9,(unknown purpose),178.0,Afternoon
2016-08-28 09:57:00,2016-08-28 10:18:00,Business,10.1,(unknown purpose),21.0,Morning
2016-08-28 16:39:00,2016-08-28 16:55:00,Business,6.2,(unknown purpose),16.0,Afternoon
2016-08-28 17:37:00,2016-08-28 17:55:00,Business,5.3,(unknown purpose),18.0,Evening
2016-08-28 21:15:00,2016-08-28 21:59:00,Business,12.1,(unknown purpose),44.0,Night
2016-08-29 12:02:00,2016-08-29 12:31:00,Business,10.8,(unknown purpose),29.0,Afternoon
2016-08-29 13:38:00,2016-08-29 13:48:00,Business,4.3,(unknown purpose),10.0,Afternoon
2016-08-29 14:31:00,2016-08-29 14:41:00,Business,2.5,(unknown purpose),10.0,Afternoon
2016-08-29 14:49:00,2016-08-29 15:04:00,Business,5.7,Temporary Site,15.0,Afternoon
2016-08-29 15:49:00,2016-08-29 15:59:00,Business,2.8,(unknown purpose),10.0,Afternoon
2016-08-29 16:06:00,2016-08-29 16:21:00,Business,4.0,(unknown purpose),15.0,Afternoon
2016-08-29 17:24:00,2016-08-29 17:41:00,Business,5.5,(unknown purpose),17.0,Evening
2016-08-29 18:27:00,2016-08-29 18:36:00,Business,2.6,(unknown purpose),9.0,Evening
2016-08-30 11:53:00,2016-08-30 12:05:00,Business,2.1,(unknown purpose),12.0,Morning
2016-08-30 12:46:00,2016-08-30 13:09:00,Business,8.8,(unknown purpose),23.0,Afternoon
2016-08-30 13:25:00,2016-08-30 13:46:00,Business,4.4,(unknown purpose),21.0,Afternoon
2016-08-30 14:00:00,2016-08-30 14:20:00,Business,5.3,(unknown purpose),20.0,Afternoon
2016-08-30 17:27:00,2016-08-30 18:09:00,Business,13.0,(unknown purpose),42.0,Evening
2016-09-01 11:51:00,2016-09-01 12:24:00,Business,13.0,(unknown purpose),33.0,Morning
2016-09-01 17:21:00,2016-09-01 17:36:00,Business,10.6,(unknown purpose),15.0,Evening
2016-09-01 18:49:00,2016-09-01 19:08:00,Business,2.2,(unknown purpose),19.0,Evening
2016-09-02 11:37:00,2016-09-02 12:24:00,Business,9.2,(unknown purpose),47.0,Morning
2016-09-02 18:56:00,2016-09-02 19:37:00,Business,12.9,(unknown purpose),41.0,Evening
2016-09-05 10:25:00,2016-09-05 10:44:00,Business,17.2,(unknown purpose),19.0,Morning
2016-09-10 10:28:00,2016-09-10 10:45:00,Business,2.8,(unknown purpose),17.0,Morning
2016-09-11 09:51:00,2016-09-11 09:55:00,Business,8.6,(unknown purpose),4.0,Morning
2016-09-11 21:40:00,2016-09-11 21:42:00,Business,9.8,(unknown purpose),2.0,Night
2016-09-12 08:07:00,2016-09-12 08:12:00,Business,3.6,(unknown purpose),5.0,Morning
2016-09-12 11:15:00,2016-09-12 11:24:00,Business,1.7,(unknown purpose),9.0,Morning
2016-09-12 13:04:00,2016-09-12 13:44:00,Business,11.5,(unknown purpose),40.0,Afternoon
2016-09-13 16:56:00,2016-09-13 17:02:00,Business,0.7,(unknown purpose),6.0,Afternoon
2016-09-14 11:55:00,2016-09-14 11:59:00,Business,0.7,(unknown purpose),4.0,Morning
2016-09-15 20:33:00,2016-09-15 20:38:00,Business,0.9,(unknown purpose),5.0,Evening
2016-09-18 18:07:00,2016-09-18 18:11:00,Business,9.4,(unknown purpose),4.0,Evening
2016-09-19 06:18:00,2016-09-19 06:49:00,Business,18.2,(unknown purpose),31.0,Morning
2016-09-19 14:40:00,2016-09-19 14:56:00,Business,10.5,(unknown purpose),16.0,Afternoon
2016-09-19 16:23:00,2016-09-19 16:31:00,Business,5.7,(unknown purpose),8.0,Afternoon
2016-09-19 17:36:00,2016-09-19 18:20:00,Business,18.0,(unknown purpose),44.0,Evening
2016-09-19 19:10:00,2016-09-19 19:49:00,Business,18.3,(unknown purpose),39.0,Evening
2016-09-20 11:29:00,2016-09-20 11:48:00,Business,16.5,(unknown purpose),19.0,Morning
2016-09-20 20:47:00,2016-09-20 22:47:00,Business,9.6,(unknown purpose),120.0,Evening
2016-09-23 13:15:00,2016-09-23 13:40:00,Business,2.9,(unknown purpose),25.0,Afternoon
2016-09-24 14:34:00,2016-09-24 15:15:00,Business,8.2,(unknown purpose),41.0,Afternoon
2016-09-24 20:29:00,2016-09-24 20:33:00,Business,2.4,(unknown purpose),4.0,Evening
2016-09-27 08:33:00,2016-09-27 08:35:00,Business,5.8,(unknown purpose),2.0,Morning
2016-09-27 13:21:00,2016-09-27 14:43:00,Business,9.8,(unknown purpose),82.0,Afternoon
2016-09-27 19:14:00,2016-09-27 20:34:00,Business,7.3,(unknown purpose),80.0,Evening
2016-09-27 21:01:00,2016-09-28 02:37:00,Business,195.6,(unknown purpose),336.0,Night
2016-09-28 17:21:00,2016-09-28 19:36:00,Business,20.5,(unknown purpose),135.0,Evening
2016-09-29 16:13:00,2016-09-29 18:47:00,Business,12.6,(unknown purpose),154.0,Afternoon
2016-09-30 17:39:00,2016-09-30 20:20:00,Business,37.7,(unknown purpose),161.0,Evening
2016-09-30 20:59:00,2016-09-30 22:34:00,Business,16.7,(unknown purpose),95.0,Evening
2016-10-03 17:09:00,2016-10-03 17:12:00,Business,10.5,(unknown purpose),3.0,Evening
2016-10-03 18:17:00,2016-10-03 18:34:00,Business,2.8,(unknown purpose),17.0,Evening
2016-10-03 18:51:00,2016-10-03 19:01:00,Business,1.6,(unknown purpose),10.0,Evening
2016-10-03 22:04:00,2016-10-03 22:33:00,Business,12.7,(unknown purpose),29.0,Night
2016-10-04 09:50:00,2016-10-04 10:52:00,Business,28.6,(unknown purpose),62.0,Morning
2016-10-04 12:17:00,2016-10-04 12:18:00,Business,15.1,(unknown purpose),1.0,Afternoon
2016-10-06 08:49:00,2016-10-06 11:36:00,Business,17.9,(unknown purpose),167.0,Morning
2016-10-06 17:23:00,2016-10-06 17:40:00,Business,112.6,(unknown purpose),17.0,Evening
2016-10-06 18:37:00,2016-10-06 18:39:00,Business,18.4,(unknown purpose),2.0,Evening
2016-10-06 19:46:00,2016-10-06 20:26:00,Business,13.8,(unknown purpose),40.0,Evening
2016-10-07 10:56:00,2016-10-07 10:59:00,Business,33.2,(unknown purpose),3.0,Morning
2016-10-07 11:27:00,2016-10-07 11:50:00,Business,2.6,(unknown purpose),23.0,Morning
2016-10-07 13:52:00,2016-10-07 14:08:00,Business,5.8,(unknown purpose),16.0,Afternoon
2016-10-07 14:29:00,2016-10-07 15:11:00,Business,8.3,(unknown purpose),42.0,Afternoon
2016-10-07 15:47:00,2016-10-07 16:02:00,Business,2.4,(unknown purpose),15.0,Afternoon
2016-10-07 18:08:00,2016-10-07 18:27:00,Business,3.1,(unknown purpose),19.0,Evening
2016-10-07 18:33:00,2016-10-07 19:01:00,Business,6.1,(unknown purpose),28.0,Evening
2016-10-08 18:15:00,2016-10-08 18:18:00,Business,8.0,(unknown purpose),3.0,Evening
2016-10-09 14:04:00,2016-10-09 14:23:00,Business,7.7,Temporary Site,19.0,Afternoon
2016-10-10 17:22:00,2016-10-10 17:28:00,Business,1.7,(unknown purpose),6.0,Evening
2016-10-10 17:33:00,2016-10-10 18:13:00,Business,9.5,(unknown purpose),40.0,Evening
2016-10-11 01:27:00,2016-10-11 02:08:00,Business,17.1,Meeting,41.0,Night
2016-10-12 19:18:00,2016-10-12 19:21:00,Business,18.4,(unknown purpose),3.0,Evening
2016-10-13 11:20:00,2016-10-13 11:58:00,Business,9.8,(unknown purpose),38.0,Morning
2016-10-13 12:08:00,2016-10-13 12:14:00,Business,1.0,(unknown purpose),6.0,Afternoon
2016-10-13 13:37:00,2016-10-13 13:46:00,Business,2.3,(unknown purpose),9.0,Afternoon
2016-10-13 16:08:00,2016-10-13 16:53:00,Business,10.9,(unknown purpose),45.0,Afternoon
2016-10-14 08:50:00,2016-10-14 09:44:00,Business,12.7,(unknown purpose),54.0,Morning
2016-10-14 10:16:00,2016-10-14 10:52:00,Business,12.4,(unknown purpose),36.0,Morning
2016-10-14 15:56:00,2016-10-14 16:20:00,Business,3.8,(unknown purpose),24.0,Afternoon
2016-10-14 23:54:00,2016-10-15 02:06:00,Business,17.0,Meeting,132.0,Night
2016-10-15 22:28:00,2016-10-15 22:48:00,Business,6.2,(unknown purpose),20.0,Night
2016-10-16 00:01:00,2016-10-16 00:14:00,Business,3.1,(unknown purpose),13.0,Night
2016-10-16 12:52:00,2016-10-16 13:11:00,Business,10.5,Meeting,19.0,Afternoon
2016-10-16 14:40:00,2016-10-16 15:01:00,Business,8.1,(unknown purpose),21.0,Afternoon
2016-10-16 15:10:00,2016-10-16 15:19:00,Business,3.1,(unknown purpose),9.0,Afternoon
2016-10-16 19:27:00,2016-10-16 19:33:00,Business,2.1,Meeting,6.0,Evening
2016-10-16 20:30:00,2016-10-16 20:39:00,Business,4.3,(unknown purpose),9.0,Evening
2016-10-16 21:34:00,2016-10-16 21:41:00,Business,2.5,Meal/Entertain,7.0,Night
2016-10-17 15:19:00,2016-10-17 15:57:00,Business,20.6,(unknown purpose),38.0,Afternoon
2016-10-17 16:29:00,2016-10-17 17:11:00,Business,17.6,(unknown purpose),42.0,Afternoon
2016-10-17 18:02:00,2016-10-17 18:16:00,Business,5.6,(unknown purpose),14.0,Evening
2016-10-17 18:31:00,2016-10-17 18:45:00,Business,3.3,(unknown purpose),14.0,Evening
2016-10-17 19:08:00,2016-10-17 19:25:00,Business,5.3,(unknown purpose),17.0,Evening
2016-10-18 08:12:00,2016-10-18 08:22:00,Business,3.3,(unknown purpose),10.0,Morning
2016-10-18 08:53:00,2016-10-18 09:02:00,Business,3.3,(unknown purpose),9.0,Morning
2016-10-18 10:41:00,2016-10-18 11:09:00,Business,7.9,Temporary Site,28.0,Morning
2016-10-18 18:12:00,2016-10-18 18:33:00,Business,13.0,(unknown purpose),21.0,Evening
2016-10-18 19:03:00,2016-10-18 19:13:00,Business,3.0,(unknown purpose),10.0,Evening
2016-10-18 20:31:00,2016-10-18 20:37:00,Business,3.0,(unknown purpose),6.0,Evening
2016-10-19 09:33:00,2016-10-19 09:47:00,Business,3.8,(unknown purpose),14.0,Morning
2016-10-19 09:54:00,2016-10-19 10:21:00,Business,9.5,(unknown purpose),27.0,Morning
2016-10-19 13:45:00,2016-10-19 13:56:00,Business,1.7,(unknown purpose),11.0,Afternoon
2016-10-19 14:02:00,2016-10-19 14:31:00,Business,10.8,(unknown purpose),29.0,Afternoon
2016-10-19 15:44:00,2016-10-19 16:02:00,Business,4.1,(unknown purpose),18.0,Afternoon
2016-10-19 16:06:00,2016-10-19 16:19:00,Business,2.2,(unknown purpose),13.0,Afternoon
2016-10-19 16:33:00,2016-10-19 17:01:00,Business,4.6,(unknown purpose),28.0,Afternoon
2016-10-20 11:26:00,2016-10-20 11:34:00,Business,3.1,(unknown purpose),8.0,Morning
2016-10-20 12:19:00,2016-10-20 13:17:00,Business,47.7,(unknown purpose),58.0,Afternoon
2016-10-20 20:44:00,2016-10-20 21:37:00,Business,44.6,(unknown purpose),53.0,Evening
2016-10-21 10:06:00,2016-10-21 10:21:00,Business,13.2,(unknown purpose),15.0,Morning
2016-10-22 00:54:00,2016-10-22 01:09:00,Business,8.7,(unknown purpose),15.0,Night
2016-10-22 13:26:00,2016-10-22 14:03:00,Business,17.2,(unknown purpose),37.0,Afternoon
2016-10-22 17:08:00,2016-10-22 17:55:00,Business,14.0,(unknown purpose),47.0,Evening
2016-10-23 09:24:00,2016-10-23 10:05:00,Business,28.1,(unknown purpose),41.0,Morning
2016-10-23 12:17:00,2016-10-23 12:59:00,Business,28.2,(unknown purpose),42.0,Afternoon
2016-10-23 19:04:00,2016-10-23 19:14:00,Business,3.1,Meal/Entertain,10.0,Evening
2016-10-23 21:10:00,2016-10-23 21:25:00,Business,3.1,Customer Visit,15.0,Night
2016-10-24 14:57:00,2016-10-24 15:26:00,Business,16.4,(unknown purpose),29.0,Afternoon
2016-10-24 15:33:00,2016-10-24 16:13:00,Business,15.4,(unknown purpose),40.0,Afternoon
2016-10-24 16:34:00,2016-10-24 16:41:00,Business,2.2,(unknown purpose),7.0,Afternoon
2016-10-25 13:27:00,2016-10-25 14:08:00,Business,11.2,(unknown purpose),41.0,Afternoon
2016-10-25 15:04:00,2016-10-25 15:11:00,Business,2.2,(unknown purpose),7.0,Afternoon
2016-10-25 15:16:00,2016-10-25 15:33:00,Business,3.6,(unknown purpose),17.0,Afternoon
2016-10-25 20:00:00,2016-10-25 20:11:00,Business,3.6,Meal/Entertain,11.0,Evening
2016-10-25 20:54:00,2016-10-25 21:03:00,Business,4.9,(unknown purpose),9.0,Evening
2016-10-25 22:24:00,2016-10-25 22:45:00,Business,8.7,Errand/Supplies,21.0,Night
2016-10-26 19:25:00,2016-10-26 19:31:00,Business,2.1,Meeting,6.0,Evening
2016-10-26 20:53:00,2016-10-26 21:03:00,Business,2.1,(unknown purpose),10.0,Evening
2016-10-27 18:51:00,2016-10-27 19:16:00,Business,8.4,Meeting,25.0,Evening
2016-10-27 19:20:00,2016-10-27 19:35:00,Business,5.9,(unknown purpose),15.0,Evening
2016-10-27 19:52:00,2016-10-27 20:21:00,Business,12.1,(unknown purpose),29.0,Evening
2016-10-27 20:47:00,2016-10-27 20:54:00,Business,3.9,(unknown purpose),7.0,Evening
2016-10-27 21:26:00,2016-10-27 21:48:00,Business,6.2,(unknown purpose),22.0,Night
2016-10-28 11:34:00,2016-10-28 11:52:00,Business,10.4,Meeting,18.0,Morning
2016-10-28 13:06:00,2016-10-28 13:36:00,Business,9.9,Meeting,30.0,Afternoon
2016-10-28 15:53:00,2016-10-28 17:59:00,Business,107.0,Meeting,126.0,Afternoon
2016-10-28 18:13:00,2016-10-28 20:07:00,Business,133.6,Meeting,114.0,Evening
2016-10-28 20:13:00,2016-10-28 22:00:00,Business,91.8,Meeting,107.0,Evening
2016-10-29 15:22:00,2016-10-29 17:05:00,Business,40.7,Meeting,103.0,Afternoon
2016-10-29 17:13:00,2016-10-29 19:19:00,Business,75.7,(unknown purpose),126.0,Evening
2016-10-30 07:49:00,2016-10-30 08:30:00,Business,29.8,(unknown purpose),41.0,Morning
2016-10-30 09:07:00,2016-10-30 10:09:00,Business,16.3,(unknown purpose),62.0,Morning
2016-10-30 10:11:00,2016-10-30 10:38:00,Business,6.5,(unknown purpose),27.0,Morning
2016-10-30 10:51:00,2016-10-30 11:21:00,Business,6.3,(unknown purpose),30.0,Morning
2016-10-30 12:24:00,2016-10-30 12:35:00,Business,6.6,(unknown purpose),11.0,Afternoon
2016-10-30 12:58:00,2016-10-30 13:18:00,Business,15.2,(unknown purpose),20.0,Afternoon
2016-10-30 13:24:00,2016-10-30 14:37:00,Business,68.4,(unknown purpose),73.0,Afternoon
2016-10-30 15:22:00,2016-10-30 18:23:00,Business,195.9,(unknown purpose),181.0,Afternoon
2016-10-30 18:26:00,2016-10-30 19:39:00,Business,45.2,(unknown purpose),73.0,Evening
2016-10-31 18:11:00,2016-10-31 18:20:00,Business,3.2,(unknown purpose),9.0,Evening
2016-10-31 18:47:00,2016-10-31 19:16:00,Business,10.3,(unknown purpose),29.0,Evening
2016-10-31 20:18:00,2016-10-31 20:44:00,Business,13.1,(unknown purpose),26.0,Evening
2016-10-31 21:45:00,2016-10-31 22:10:00,Business,9.6,Errand/Supplies,25.0,Night
2016-11-01 11:50:00,2016-11-01 12:27:00,Business,16.5,(unknown purpose),37.0,Morning
2016-11-01 16:29:00,2016-11-01 17:02:00,Business,12.8,(unknown purpose),33.0,Afternoon
2016-11-01 17:35:00,2016-11-01 17:42:00,Business,1.2,(unknown purpose),7.0,Evening
2016-11-01 19:14:00,2016-11-01 19:20:00,Business,1.0,(unknown purpose),6.0,Evening
2016-11-01 19:59:00,2016-11-01 20:12:00,Business,4.1,(unknown purpose),13.0,Evening
2016-11-01 20:41:00,2016-11-01 20:55:00,Business,4.2,Meal/Entertain,14.0,Evening
2016-11-02 15:10:00,2016-11-02 15:18:00,Business,1.4,(unknown purpose),8.0,Afternoon
2016-11-02 15:45:00,2016-11-02 15:52:00,Business,1.8,(unknown purpose),7.0,Afternoon
2016-11-02 16:46:00,2016-11-02 17:11:00,Business,8.5,Meeting,25.0,Afternoon
2016-11-02 17:34:00,2016-11-02 17:49:00,Business,5.0,(unknown purpose),15.0,Evening
2016-11-02 17:53:00,2016-11-02 18:00:00,Business,3.8,(unknown purpose),7.0,Evening
2016-11-03 11:28:00,2016-11-03 11:34:00,Business,2.5,(unknown purpose),6.0,Morning
2016-11-03 12:43:00,2016-11-03 12:49:00,Business,2.4,(unknown purpose),6.0,Afternoon
2016-11-03 13:42:00,2016-11-03 13:47:00,Business,1.4,(unknown purpose),5.0,Afternoon
2016-11-03 14:13:00,2016-11-03 14:26:00,Business,1.8,(unknown purpose),13.0,Afternoon
2016-11-03 18:51:00,2016-11-03 19:08:00,Business,3.1,Meal/Entertain,17.0,Evening
2016-11-03 22:46:00,2016-11-03 22:58:00,Business,3.1,Customer Visit,12.0,Night
2016-11-04 10:02:00,2016-11-04 10:18:00,Business,7.9,Temporary Site,16.0,Morning
2016-11-04 18:14:00,2016-11-04 18:21:00,Business,3.8,(unknown purpose),7.0,Evening
2016-11-04 21:04:00,2016-11-04 21:20:00,Business,4.3,(unknown purpose),16.0,Night
2016-11-04 22:12:00,2016-11-04 22:25:00,Business,3.9,(unknown purpose),13.0,Night
2016-11-05 08:34:00,2016-11-05 08:43:00,Business,2.2,(unknown purpose),9.0,Morning
2016-11-05 17:29:00,2016-11-05 17:40:00,Business,2.8,(unknown purpose),11.0,Evening
2016-11-05 19:20:00,2016-11-05 19:28:00,Business,2.2,(unknown purpose),8.0,Evening
2016-11-06 10:50:00,2016-11-06 11:04:00,Business,2.4,(unknown purpose),14.0,Morning
2016-11-06 16:05:00,2016-11-06 16:22:00,Business,2.8,Meeting,17.0,Afternoon
2016-11-06 16:27:00,2016-11-06 17:28:00,Business,43.9,Customer Visit,61.0,Afternoon
2016-11-06 19:04:00,2016-11-06 19:12:00,Business,1.8,(unknown purpose),8.0,Evening
2016-11-06 20:06:00,2016-11-06 20:21:00,Business,3.3,(unknown purpose),15.0,Evening
2016-11-07 12:28:00,2016-11-07 12:57:00,Business,11.8,Between Offices,29.0,Afternoon
2016-11-07 19:17:00,2016-11-07 19:57:00,Business,13.2,Between Offices,40.0,Evening
2016-11-08 10:29:00,2016-11-08 10:57:00,Business,12.2,Between Offices,28.0,Morning
2016-11-08 12:16:00,2016-11-08 12:49:00,Business,11.3,Meeting,33.0,Afternoon
2016-11-08 13:41:00,2016-11-08 14:01:00,Business,3.6,(unknown purpose),20.0,Afternoon
2016-11-08 16:21:00,2016-11-08 16:34:00,Business,3.0,(unknown purpose),13.0,Afternoon
2016-11-09 13:08:00,2016-11-09 13:41:00,Business,11.4,(unknown purpose),33.0,Afternoon
2016-11-09 15:58:00,2016-11-09 16:04:00,Business,0.9,(unknown purpose),6.0,Afternoon
2016-11-09 17:31:00,2016-11-09 18:03:00,Business,6.2,(unknown purpose),32.0,Evening
2016-11-09 18:09:00,2016-11-09 18:14:00,Business,0.7,(unknown purpose),5.0,Evening
2016-11-09 18:21:00,2016-11-09 18:35:00,Business,5.5,Meeting,14.0,Evening
2016-11-09 18:40:00,2016-11-09 19:17:00,Business,12.7,Customer Visit,37.0,Evening
2016-11-09 20:52:00,2016-11-09 21:02:00,Business,2.6,(unknown purpose),10.0,Evening
2016-11-09 21:56:00,2016-11-09 22:02:00,Business,1.1,(unknown purpose),6.0,Night
2016-11-10 09:46:00,2016-11-10 10:15:00,Business,12.6,Temporary Site,29.0,Morning
2016-11-10 10:20:00,2016-11-10 10:31:00,Business,1.2,(unknown purpose),11.0,Morning
2016-11-10 14:57:00,2016-11-10 15:07:00,Business,1.1,(unknown purpose),10.0,Afternoon
2016-11-10 15:17:00,2016-11-10 15:22:00,Business,9.9,Temporary Site,5.0,Afternoon
2016-11-10 15:30:00,2016-11-10 15:53:00,Business,6.0,Meeting,23.0,Afternoon
2016-11-10 19:18:00,2016-11-10 19:21:00,Business,0.8,(unknown purpose),3.0,Evening
2016-11-11 09:35:00,2016-11-11 10:23:00,Business,45.9,Customer Visit,48.0,Morning
2016-11-11 12:58:00,2016-11-11 13:13:00,Business,4.0,(unknown purpose),15.0,Afternoon
2016-11-11 14:20:00,2016-11-11 14:32:00,Business,2.5,(unknown purpose),12.0,Afternoon
2016-11-11 14:39:00,2016-11-11 15:46:00,Business,36.6,Customer Visit,67.0,Afternoon
2016-11-11 18:30:00,2016-11-11 18:43:00,Business,2.9,(unknown purpose),13.0,Evening
2016-11-11 21:08:00,2016-11-11 21:18:00,Business,2.6,(unknown purpose),10.0,Night
2016-11-12 10:32:00,2016-11-12 10:52:00,Business,2.3,(unknown purpose),20.0,Morning
2016-11-12 10:55:00,2016-11-12 11:25:00,Business,6.4,(unknown purpose),30.0,Morning
2016-11-12 13:07:00,2016-11-12 13:15:00,Business,1.4,(unknown purpose),8.0,Afternoon
2016-11-12 13:46:00,2016-11-12 13:50:00,Business,0.6,(unknown purpose),4.0,Afternoon
2016-11-12 14:22:00,2016-11-12 14:53:00,Business,5.9,Meeting,31.0,Afternoon
2016-11-12 15:14:00,2016-11-12 15:21:00,Business,0.8,(unknown purpose),7.0,Afternoon
2016-11-12 15:25:00,2016-11-12 15:36:00,Business,1.3,(unknown purpose),11.0,Afternoon
2016-11-12 15:40:00,2016-11-12 15:59:00,Business,3.7,Errand/Supplies,19.0,Afternoon
2016-11-13 08:54:00,2016-11-13 09:02:00,Business,2.3,(unknown purpose),8.0,Morning
2016-11-13 09:27:00,2016-11-13 09:53:00,Business,2.6,(unknown purpose),26.0,Morning
2016-11-13 10:31:00,2016-11-13 10:37:00,Business,1.9,(unknown purpose),6.0,Morning
2016-11-13 11:04:00,2016-11-13 11:16:00,Business,2.1,(unknown purpose),12.0,Morning
2016-11-13 12:22:00,2016-11-13 12:51:00,Business,4.0,Meeting,29.0,Afternoon
2016-11-13 13:05:00,2016-11-13 13:11:00,Business,0.9,(unknown purpose),6.0,Afternoon
2016-11-13 13:14:00,2016-11-13 13:18:00,Business,0.9,(unknown purpose),4.0,Afternoon
2016-11-13 14:35:00,2016-11-13 14:46:00,Business,2.4,(unknown purpose),11.0,Afternoon
2016-11-13 15:14:00,2016-11-13 15:24:00,Business,1.9,(unknown purpose),10.0,Afternoon
2016-11-13 15:47:00,2016-11-13 15:59:00,Business,1.9,(unknown purpose),12.0,Afternoon
2016-11-14 11:24:00,2016-11-14 12:13:00,Business,44.6,Customer Visit,49.0,Morning
2016-11-14 13:40:00,2016-11-14 14:33:00,Business,43.6,Customer Visit,53.0,Afternoon
2016-11-14 15:27:00,2016-11-14 15:36:00,Business,2.5,(unknown purpose),9.0,Afternoon
2016-11-14 20:19:00,2016-11-14 20:30:00,Business,3.7,Errand/Supplies,11.0,Evening
2016-11-15 13:59:00,2016-11-15 14:06:00,Business,5.1,(unknown purpose),7.0,Afternoon
2016-11-15 14:09:00,2016-11-15 14:26:00,Business,9.7,Temporary Site,17.0,Afternoon
2016-11-15 20:44:00,2016-11-15 21:00:00,Business,11.8,Temporary Site,16.0,Evening
2016-11-16 20:21:00,2016-11-16 20:27:00,Business,2.3,Temporary Site,6.0,Evening
2016-11-16 22:52:00,2016-11-16 23:02:00,Business,3.1,Meal/Entertain,10.0,Night
2016-11-17 10:13:00,2016-11-17 10:44:00,Business,16.3,Customer Visit,31.0,Morning
2016-11-18 20:09:00,2016-11-18 20:19:00,Business,3.1,Meal/Entertain,10.0,Evening
2016-11-18 21:23:00,2016-11-18 21:34:00,Business,5.2,Meal/Entertain,11.0,Night
2016-11-18 21:56:00,2016-11-18 22:21:00,Business,6.1,Meeting,25.0,Night
2016-11-19 13:51:00,2016-11-19 14:10:00,Business,10.3,Meeting,19.0,Afternoon
2016-11-19 14:30:00,2016-11-19 14:51:00,Business,10.5,Meeting,21.0,Afternoon
2016-11-19 16:01:00,2016-11-19 16:06:00,Business,1.5,(unknown purpose),5.0,Afternoon
2016-11-19 16:27:00,2016-11-19 16:41:00,Business,1.8,(unknown purpose),14.0,Afternoon
2016-11-19 17:41:00,2016-11-19 17:54:00,Business,5.4,Errand/Supplies,13.0,Evening
2016-11-19 21:14:00,2016-11-19 21:35:00,Business,5.4,Customer Visit,21.0,Night
2016-11-20 10:27:00,2016-11-20 11:32:00,Business,39.2,Between Offices,65.0,Morning
2016-11-20 11:58:00,2016-11-20 12:28:00,Business,6.4,Customer Visit,30.0,Morning
2016-11-20 14:58:00,2016-11-20 15:07:00,Business,2.7,Meeting,9.0,Afternoon
2016-11-20 17:45:00,2016-11-20 18:37:00,Business,18.5,Errand/Supplies,52.0,Evening
2016-11-21 13:37:00,2016-11-21 13:49:00,Business,2.5,Meal/Entertain,12.0,Afternoon
2016-11-21 14:34:00,2016-11-21 14:44:00,Business,2.1,Meal/Entertain,10.0,Afternoon
2016-11-21 17:50:00,2016-11-21 18:04:00,Business,6.7,Errand/Supplies,14.0,Evening
2016-11-21 18:18:00,2016-11-21 18:27:00,Business,3.5,Meal/Entertain,9.0,Evening
2016-11-21 18:43:00,2016-11-21 18:51:00,Business,3.4,Errand/Supplies,8.0,Evening
2016-11-22 15:12:00,2016-11-22 15:27:00,Business,5.5,Meeting,15.0,Afternoon
2016-11-22 15:31:00,2016-11-22 15:44:00,Business,4.1,Meeting,13.0,Afternoon
2016-11-22 15:51:00,2016-11-22 16:43:00,Business,12.7,Customer Visit,52.0,Afternoon
2016-11-22 18:18:00,2016-11-22 18:28:00,Business,3.0,Meal/Entertain,10.0,Evening
2016-11-22 21:02:00,2016-11-22 21:14:00,Business,3.5,Customer Visit,12.0,Night
2016-11-23 15:34:00,2016-11-23 15:50:00,Business,5.9,Meal/Entertain,16.0,Afternoon
2016-11-23 16:18:00,2016-11-23 16:29:00,Business,1.9,(unknown purpose),11.0,Afternoon
2016-11-23 16:49:00,2016-11-23 17:00:00,Business,3.3,(unknown purpose),11.0,Afternoon
2016-11-23 18:37:00,2016-11-23 18:47:00,Business,1.3,(unknown purpose),10.0,Evening
2016-11-25 11:47:00,2016-11-25 12:04:00,Business,10.3,Meeting,17.0,Morning
2016-11-25 13:13:00,2016-11-25 13:31:00,Business,11.1,Meeting,18.0,Afternoon
2016-11-26 15:54:00,2016-11-26 15:59:00,Business,1.4,(unknown purpose),5.0,Afternoon
2016-11-26 17:00:00,2016-11-26 17:12:00,Business,5.1,Meeting,12.0,Evening
2016-11-26 17:36:00,2016-11-26 17:56:00,Business,9.0,Meeting,20.0,Evening
2016-11-26 18:29:00,2016-11-26 19:04:00,Business,13.3,Between Offices,35.0,Evening
2016-11-26 19:47:00,2016-11-26 19:54:00,Business,2.5,Errand/Supplies,7.0,Evening
2016-11-27 15:59:00,2016-11-27 16:06:00,Business,3.3,Meal/Entertain,7.0,Afternoon
2016-11-27 18:55:00,2016-11-27 19:09:00,Business,2.9,(unknown purpose),14.0,Evening
2016-11-30 11:03:00,2016-11-30 11:34:00,Business,8.5,Customer Visit,31.0,Morning
2016-11-30 11:53:00,2016-11-30 12:35:00,Business,6.7,Temporary Site,42.0,Morning
2016-11-30 12:43:00,2016-11-30 12:53:00,Business,3.1,(unknown purpose),10.0,Afternoon
2016-12-01 07:44:00,2016-12-01 07:59:00,Business,5.5,Meeting,15.0,Morning
2016-12-01 08:37:00,2016-12-01 08:53:00,Business,5.5,Errand/Supplies,16.0,Morning
2016-12-01 18:00:00,2016-12-01 18:12:00,Business,2.9,Meal/Entertain,12.0,Evening
2016-12-01 20:36:00,2016-12-01 20:46:00,Business,2.9,Customer Visit,10.0,Evening
2016-12-02 12:12:00,2016-12-02 12:23:00,Business,5.1,Meal/Entertain,11.0,Afternoon
2016-12-02 13:07:00,2016-12-02 13:22:00,Business,5.3,Customer Visit,15.0,Afternoon
2016-12-02 20:41:00,2016-12-02 20:48:00,Business,3.3,Meal/Entertain,7.0,Evening
2016-12-02 22:59:00,2016-12-02 23:07:00,Business,3.0,Customer Visit,8.0,Night
2016-12-03 18:35:00,2016-12-03 18:56:00,Business,6.6,Errand/Supplies,21.0,Evening
2016-12-03 19:08:00,2016-12-03 19:15:00,Business,1.8,(unknown purpose),7.0,Evening
2016-12-03 20:31:00,2016-12-03 20:41:00,Business,3.0,Customer Visit,10.0,Evening
2016-12-04 18:56:00,2016-12-04 19:03:00,Business,2.9,Meal/Entertain,7.0,Evening
2016-12-04 20:23:00,2016-12-04 20:34:00,Business,3.4,Customer Visit,11.0,Evening
2016-12-05 18:04:00,2016-12-05 18:17:00,Business,4.1,(unknown purpose),13.0,Evening
2016-12-05 19:22:00,2016-12-05 19:37:00,Business,3.8,Meal/Entertain,15.0,Evening
2016-12-07 12:03:00,2016-12-07 12:32:00,Business,6.6,Meeting,29.0,Afternoon
2016-12-07 12:35:00,2016-12-07 12:46:00,Business,4.0,Meeting,11.0,Afternoon
2016-12-07 19:53:00,2016-12-07 20:13:00,Business,7.0,Customer Visit,20.0,Evening
2016-12-07 21:13:00,2016-12-07 21:50:00,Business,6.9,Meal/Entertain,37.0,Night
2016-12-08 14:19:00,2016-12-08 14:32:00,Business,3.4,Errand/Supplies,13.0,Afternoon
2016-12-08 14:53:00,2016-12-08 15:02:00,Business,3.4,Errand/Supplies,9.0,Afternoon
2016-12-08 19:22:00,2016-12-08 19:27:00,Business,2.0,Meeting,5.0,Evening
2016-12-08 21:26:00,2016-12-08 21:31:00,Business,2.0,Errand/Supplies,5.0,Night
2016-12-09 12:09:00,2016-12-09 12:24:00,Business,5.1,Errand/Supplies,15.0,Afternoon
2016-12-09 13:15:00,2016-12-09 13:43:00,Business,8.8,Temporary Site,28.0,Afternoon
2016-12-09 20:11:00,2016-12-09 20:34:00,Business,5.6,Meeting,23.0,Evening
2016-12-09 22:03:00,2016-12-09 22:57:00,Business,18.9,Customer Visit,54.0,Night
2016-12-10 12:43:00,2016-12-10 13:16:00,Business,15.6,Meeting,33.0,Afternoon
2016-12-10 14:42:00,2016-12-10 15:18:00,Business,15.6,Errand/Supplies,36.0,Afternoon
2016-12-10 18:17:00,2016-12-10 18:27:00,Business,3.0,Meal/Entertain,10.0,Evening
2016-12-10 22:09:00,2016-12-10 22:21:00,Business,3.1,Customer Visit,12.0,Night
2016-12-11 16:06:00,2016-12-11 16:16:00,Business,3.0,Meal/Entertain,10.0,Afternoon
2016-12-11 19:05:00,2016-12-11 19:15:00,Business,4.8,Errand/Supplies,10.0,Evening
2016-12-11 21:48:00,2016-12-11 21:56:00,Business,2.1,Errand/Supplies,8.0,Night
2016-12-12 13:22:00,2016-12-12 13:32:00,Business,3.1,Errand/Supplies,10.0,Afternoon
2016-12-12 13:36:00,2016-12-12 13:51:00,Business,4.4,Meal/Entertain,15.0,Afternoon
2016-12-12 14:26:00,2016-12-12 14:39:00,Business,4.7,Customer Visit,13.0,Afternoon
2016-12-12 17:51:00,2016-12-12 18:01:00,Business,3.0,Meal/Entertain,10.0,Evening
2016-12-12 20:48:00,2016-12-12 20:57:00,Business,3.0,Customer Visit,9.0,Evening
2016-12-13 18:19:00,2016-12-13 18:29:00,Business,4.2,Errand/Supplies,10.0,Evening
2016-12-13 20:20:00,2016-12-13 20:29:00,Business,4.1,Meal/Entertain,9.0,Evening
2016-12-14 16:52:00,2016-12-14 17:10:00,Business,3.4,(unknown purpose),18.0,Afternoon
2016-12-14 17:22:00,2016-12-14 17:34:00,Business,3.3,(unknown purpose),12.0,Evening
2016-12-14 17:50:00,2016-12-14 18:00:00,Business,3.0,Meal/Entertain,10.0,Evening
2016-12-14 20:24:00,2016-12-14 20:40:00,Business,3.1,Customer Visit,16.0,Evening
2016-12-15 14:20:00,2016-12-15 14:54:00,Business,10.6,Meeting,34.0,Afternoon
2016-12-17 15:38:00,2016-12-17 16:12:00,Business,4.8,Airport/Travel,34.0,Afternoon
2016-12-17 17:19:00,2016-12-17 17:59:00,Business,5.3,Temporary Site,40.0,Evening
2016-12-18 13:03:00,2016-12-18 13:41:00,Business,4.9,Errand/Supplies,38.0,Afternoon
2016-12-18 16:38:00,2016-12-18 17:25:00,Business,10.2,Errand/Supplies,47.0,Afternoon
2016-12-18 20:35:00,2016-12-18 21:04:00,Business,9.2,(unknown purpose),29.0,Evening
2016-12-19 09:08:00,2016-12-19 09:36:00,Business,7.7,Errand/Supplies,28.0,Morning
2016-12-19 10:15:00,2016-12-19 10:34:00,Business,5.9,Temporary Site,19.0,Morning
2016-12-19 13:04:00,2016-12-19 13:08:00,Business,0.7,Errand/Supplies,4.0,Afternoon
2016-12-19 13:24:00,2016-12-19 13:35:00,Business,1.3,(unknown purpose),11.0,Afternoon
2016-12-19 14:07:00,2016-12-19 14:15:00,Business,2.5,(unknown purpose),8.0,Afternoon
2016-12-19 14:18:00,2016-12-19 14:32:00,Business,5.3,(unknown purpose),14.0,Afternoon
2016-12-19 14:37:00,2016-12-19 14:50:00,Business,5.4,(unknown purpose),13.0,Afternoon
2016-12-19 15:09:00,2016-12-19 15:38:00,Business,10.2,Customer Visit,29.0,Afternoon
2016-12-19 16:50:00,2016-12-19 17:09:00,Business,7.2,Customer Visit,19.0,Afternoon
2016-12-19 19:05:00,2016-12-19 19:17:00,Business,2.2,(unknown purpose),12.0,Evening
2016-12-19 19:55:00,2016-12-19 20:30:00,Business,11.0,Meeting,35.0,Evening
2016-12-20 08:49:00,2016-12-20 09:24:00,Business,12.0,(unknown purpose),35.0,Morning
2016-12-20 10:30:00,2016-12-20 10:48:00,Business,3.3,Errand/Supplies,18.0,Morning
2016-12-20 11:30:00,2016-12-20 12:17:00,Business,19.4,Meeting,47.0,Morning
2016-12-20 13:14:00,2016-12-20 13:20:00,Business,1.7,Errand/Supplies,6.0,Afternoon
2016-12-20 13:54:00,2016-12-20 14:17:00,Business,5.7,Temporary Site,23.0,Afternoon
2016-12-20 16:14:00,2016-12-20 16:24:00,Business,1.8,Errand/Supplies,10.0,Afternoon
2016-12-20 16:56:00,2016-12-20 17:07:00,Business,1.4,Errand/Supplies,11.0,Afternoon
2016-12-20 18:47:00,2016-12-20 19:21:00,Business,10.3,Customer Visit,34.0,Evening
2016-12-21 07:42:00,2016-12-21 08:10:00,Business,11.5,Meeting,28.0,Morning
2016-12-21 10:14:00,2016-12-21 10:30:00,Business,4.9,Errand/Supplies,16.0,Morning
2016-12-21 11:35:00,2016-12-21 11:49:00,Business,3.5,Meal/Entertain,14.0,Morning
2016-12-21 12:51:00,2016-12-21 13:33:00,Business,16.2,Meeting,42.0,Afternoon
2016-12-21 15:38:00,2016-12-21 15:49:00,Business,2.0,Errand/Supplies,11.0,Afternoon
2016-12-21 15:55:00,2016-12-21 16:05:00,Business,2.1,Errand/Supplies,10.0,Afternoon
2016-12-21 17:45:00,2016-12-21 17:54:00,Business,2.1,Meeting,9.0,Evening
2016-12-21 17:59:00,2016-12-21 18:31:00,Business,7.2,Customer Visit,32.0,Evening
2016-12-21 19:49:00,2016-12-21 20:35:00,Business,12.0,Meeting,46.0,Evening
2016-12-21 20:56:00,2016-12-21 23:42:00,Business,103.0,Meeting,166.0,Evening
2016-12-22 15:40:00,2016-12-22 16:38:00,Business,32.3,Meeting,58.0,Afternoon
2016-12-22 17:04:00,2016-12-22 17:20:00,Business,5.3,Customer Visit,16.0,Evening
2016-12-22 17:27:00,2016-12-22 17:53:00,Business,11.6,Meeting,26.0,Evening
2016-12-22 17:56:00,2016-12-22 18:29:00,Business,23.2,Meeting,33.0,Evening
2016-12-22 18:31:00,2016-12-22 18:37:00,Business,3.2,Errand/Supplies,6.0,Evening
2016-12-22 18:38:00,2016-12-22 18:47:00,Business,12.3,Temporary Site,9.0,Evening
2016-12-22 19:04:00,2016-12-22 19:50:00,Business,14.0,Meeting,46.0,Evening
2016-12-22 21:41:00,2016-12-22 21:53:00,Business,2.1,Meal/Entertain,12.0,Night
2016-12-22 23:27:00,2016-12-22 23:32:00,Business,2.1,Customer Visit,5.0,Night
2016-12-23 09:21:00,2016-12-23 09:41:00,Business,3.0,Meeting,20.0,Morning
2016-12-23 11:33:00,2016-12-23 11:58:00,Business,6.2,Meeting,25.0,Morning
2016-12-23 14:15:00,2016-12-23 15:25:00,Business,9.6,Meeting,70.0,Afternoon
2016-12-23 16:23:00,2016-12-23 16:34:00,Business,1.3,Errand/Supplies,11.0,Afternoon
2016-12-23 17:34:00,2016-12-23 18:27:00,Business,7.1,Meal/Entertain,53.0,Evening
2016-12-24 07:43:00,2016-12-24 08:04:00,Business,6.3,Meal/Entertain,21.0,Morning
2016-12-24 09:19:00,2016-12-24 09:55:00,Business,10.7,Meal/Entertain,36.0,Morning
2016-12-24 10:34:00,2016-12-24 10:53:00,Business,5.3,Meal/Entertain,19.0,Morning
2016-12-24 12:51:00,2016-12-24 12:53:00,Business,1.6,Errand/Supplies,2.0,Afternoon
2016-12-24 13:08:00,2016-12-24 13:29:00,Business,3.6,Errand/Supplies,21.0,Afternoon
2016-12-24 17:12:00,2016-12-24 17:27:00,Business,1.7,Errand/Supplies,15.0,Evening
2016-12-24 19:12:00,2016-12-24 19:27:00,Business,2.9,Meal/Entertain,15.0,Evening
2016-12-24 22:04:00,2016-12-24 22:09:00,Business,0.6,Errand/Supplies,5.0,Night
2016-12-25 00:10:00,2016-12-25 00:14:00,Business,0.6,Errand/Supplies,4.0,Night
2016-12-25 19:15:00,2016-12-25 19:26:00,Business,2.3,Meal/Entertain,11.0,Evening
2016-12-25 21:58:00,2016-12-25 22:04:00,Business,2.3,Meal/Entertain,6.0,Night
2016-12-26 08:30:00,2016-12-26 08:41:00,Business,3.2,Meal/Entertain,11.0,Morning
2016-12-26 09:05:00,2016-12-26 09:19:00,Business,6.2,Customer Visit,14.0,Morning
2016-12-26 10:15:00,2016-12-26 10:36:00,Business,7.7,Customer Visit,21.0,Morning
2016-12-26 11:29:00,2016-12-26 11:42:00,Business,3.8,Customer Visit,13.0,Morning
2016-12-26 13:09:00,2016-12-26 13:43:00,Business,7.9,Meeting,34.0,Afternoon
2016-12-27 07:02:00,2016-12-27 07:14:00,Business,4.9,Temporary Site,12.0,Morning
2016-12-27 08:37:00,2016-12-27 08:59:00,Business,5.0,Meal/Entertain,22.0,Morning
2016-12-27 12:53:00,2016-12-27 12:57:00,Business,0.6,Meal/Entertain,4.0,Afternoon
2016-12-27 14:49:00,2016-12-27 15:03:00,Business,3.1,Customer Visit,14.0,Afternoon
2016-12-27 16:34:00,2016-12-27 16:58:00,Business,7.9,Meeting,24.0,Afternoon
2016-12-27 19:19:00,2016-12-27 19:50:00,Business,5.5,Customer Visit,31.0,Evening
2016-12-28 08:34:00,2016-12-28 09:06:00,Business,10.3,Meal/Entertain,32.0,Morning
2016-12-28 11:42:00,2016-12-28 12:12:00,Business,10.4,Errand/Supplies,30.0,Morning
2016-12-28 13:53:00,2016-12-28 14:01:00,Business,2.0,Errand/Supplies,8.0,Afternoon
2016-12-28 15:04:00,2016-12-28 15:39:00,Business,8.5,Meal/Entertain,35.0,Afternoon
2016-12-28 17:02:00,2016-12-28 17:16:00,Business,4.4,Errand/Supplies,14.0,Evening
2016-12-28 18:33:00,2016-12-28 18:56:00,Business,3.8,Errand/Supplies,23.0,Evening
2016-12-28 22:44:00,2016-12-28 23:18:00,Business,5.1,Errand/Supplies,34.0,Night
2016-12-29 00:49:00,2016-12-29 01:06:00,Business,3.8,Errand/Supplies,17.0,Night
2016-12-29 09:44:00,2016-12-29 10:07:00,Business,11.6,Meal/Entertain,23.0,Morning
2016-12-29 11:28:00,2016-12-29 12:00:00,Business,11.9,Meal/Entertain,32.0,Morning
2016-12-29 12:25:00,2016-12-29 12:33:00,Business,1.4,Errand/Supplies,8.0,Afternoon
2016-12-29 13:17:00,2016-12-29 13:24:00,Business,1.1,Errand/Supplies,7.0,Afternoon
2016-12-29 13:56:00,2016-12-29 14:11:00,Business,4.1,Airport/Travel,15.0,Afternoon
2016-12-29 14:42:00,2016-12-29 14:58:00,Business,6.1,Between Offices,16.0,Afternoon
2016-12-29 15:05:00,2016-12-29 15:16:00,Business,1.3,Errand/Supplies,11.0,Afternoon
2016-12-29 18:59:00,2016-12-29 19:14:00,Business,3.0,Meal/Entertain,15.0,Evening
2016-12-29 19:50:00,2016-12-29 20:10:00,Business,4.1,Customer Visit,20.0,Evening
2016-12-29 20:15:00,2016-12-29 20:45:00,Business,7.2,Meeting,30.0,Evening
2016-12-29 20:53:00,2016-12-29 21:42:00,Business,6.4,(unknown purpose),49.0,Evening
2016-12-29 23:14:00,2016-12-29 23:47:00,Business,12.9,Meeting,33.0,Night
2016-12-30 10:15:00,2016-12-30 10:33:00,Business,2.8,Errand/Supplies,18.0,Morning
2016-12-30 11:31:00,2016-12-30 11:56:00,Business,2.9,Errand/Supplies,25.0,Morning
2016-12-30 15:41:00,2016-12-30 16:03:00,Business,4.6,Errand/Supplies,22.0,Afternoon
2016-12-30 16:45:00,2016-12-30 17:08:00,Business,4.6,Meeting,23.0,Afternoon
2016-12-30 23:06:00,2016-12-30 23:10:00,Business,0.8,Customer Visit,4.0,Night
2016-12-31 01:07:00,2016-12-31 01:14:00,Business,0.7,Meeting,7.0,Night
2016-12-31 13:24:00,2016-12-31 13:42:00,Business,3.9,Temporary Site,18.0,Afternoon
2016-12-31 15:03:00,2016-12-31 15:38:00,Business,16.2,Meeting,35.0,Afternoon
2016-12-31 21:32:00,2016-12-31 21:50:00,Business,6.4,Temporary Site,18.0,Night
2016-12-31 22:08:00,2016-12-31 23:51:00,Business,48.2,Temporary Site,103.0,Night
